fueltype,mon,jd,M,jd_min,lat,lon,elev,ffmc,ws,waz,bui,ps,saz,pc,pdf,gfl,cur,time,pattern,ftypeN
NF,,,,,51.621244,-115.608378,2298.0,,,,,,7.0,,,,,20,,101
NF,,,,,51.621244,-115.608378,2287.0,,,,,,18.0,,,,,20,,101
NF,,,,,51.621244,-115.608378,2274.0,,,,,,26.0,,,,,20,,101
NF,,,,,51.621244,-115.608378,2254.0,,,,,,36.0,,,,,20,,101
NF,,,,,51.621244,-115.608378,2224.0,,,,,,40.0,,,,,20,,101
NF,,,,,51.621244,-115.608378,2195.0,,,,,,31.0,,,,,20,,101
NF,,,,,51.621244,-115.608378,2184.0,,,,,,354.0,,,,,20,,101
NF,,,,,51.621244,-115.608378,2202.0,,,,,,317.0,,,,,20,,101
NF,,,,,51.621244,-115.608378,2242.0,,,,,,313.0,,,,,20,,101
NF,,,,,51.621244,-115.608378,2272.0,,,,,,321.0,,,,,20,,101
NF,,,,,51.621244,-115.608378,2298.0,,,,,,322.0,,,,,20,,101
NF,,,,,51.621244,-115.608378,2327.0,,,,,,331.0,,,,,20,,101
O1a,,,,,51.621244,-115.608378,2332.0,,,,,,42.0,,,0.35,60.0,20,,31
NF,,,,,51.621244,-115.608378,2291.0,,,,,,64.0,,,,,20,,101
NF,,,,,51.621244,-115.608378,2243.0,,,,,,65.0,,,,,20,,101
NF,,,,,51.621244,-115.608378,2202.0,,,,,,68.0,,,,,20,,101
C1,,,,,51.621244,-115.608378,2159.0,,,,,,65.0,,,0.75,,20,,1
C1,,,,,51.621244,-115.608378,2132.0,,,,,,57.0,,,0.75,,20,,1
C1,,,,,51.621244,-115.608378,2114.0,,,,,,33.0,,,0.75,,20,,1
C2,,,,,51.621244,-115.608378,2118.0,,,,,,313.0,,,0.8,,20,,2
C2,,,,,51.621244,-115.608378,2138.0,,,,,,314.0,,,0.8,,20,,2
C2,,,,,51.621244,-115.608378,2144.0,,,,,,324.0,,,0.8,,20,,2
C2,,,,,51.621244,-115.608378,2163.0,,,,,,308.0,,,0.8,,20,,2
NF,,,,,51.621244,-115.608378,2198.0,,,,,,298.0,,,,,20,,101
NF,,,,,51.621244,-115.608378,2234.0,,,,,,305.0,,,,,20,,101
NF,,,,,51.621244,-115.608378,2259.0,,,,,,315.0,,,,,20,,101
NF,,,,,51.621244,-115.608378,2290.0,,,,,,312.0,,,,,20,,101
NF,,,,,51.621244,-115.608378,2335.0,,,,,,45.0,,,,,20,,101
NF,,,,,51.621244,-115.608378,2286.0,,,,,,91.0,,,,,20,,101
NF,,,,,51.621244,-115.608378,2212.0,,,,,,93.0,,,,,20,,101
C1,,,,,51.621244,-115.608378,2195.0,,,,,,86.0,,,0.75,,20,,1
C1,,,,,51.621244,-115.608378,2178.0,,,,,,86.0,,,0.75,,20,,1
C2,,,,,51.621244,-115.608378,2147.0,,,,,,85.0,,,0.8,,20,,2
C2,,,,,51.621244,-115.608378,2123.0,,,,,,84.0,,,0.8,,20,,2
O1a,,,,,51.621244,-115.608378,2110.0,,,,,,153.0,,,0.35,60.0,20,,31
C2,,,,,51.621244,-115.608378,2128.0,,,,,,217.0,,,0.8,,20,,2
C2,,,,,51.621244,-115.608378,2122.0,,,,,,123.0,,,0.8,,20,,2
C2,,,,,51.621244,-115.608378,2109.0,,,,,,91.0,,,0.8,,20,,2
C2,,,,,51.621244,-115.608378,2108.0,,,,,,162.0,,,0.8,,20,,2
C2,,,,,51.621244,-115.608378,2116.0,,,,,,183.0,,,0.8,,20,,2
O1a,,,,,51.621244,-115.608378,2384.0,,,,,,4.0,,,0.35,60.0,20,,31
O1a,,,,,51.621244,-115.608378,2372.0,,,,,,11.0,,,0.35,60.0,20,,31
NF,,,,,51.621244,-115.608378,2348.0,,,,,,17.0,,,,,20,,101
NF,,,,,51.621244,-115.608378,2321.0,,,,,,21.0,,,,,20,,101
O1a,,,,,51.621244,-115.608378,2294.0,,,,,,23.0,,,0.35,60.0,20,,31
O1a,,,,,51.621244,-115.608378,2264.0,,,,,,17.0,,,0.35,60.0,20,,31
NF,,,,,51.621244,-115.608378,2246.0,,,,,,358.0,,,,,20,,101
NF,,,,,51.621244,-115.608378,2266.0,,,,,,336.0,,,,,20,,101
NF,,,,,51.621244,-115.608378,2310.0,,,,,,330.0,,,,,20,,101
NF,,,,,51.621244,-115.608378,2346.0,,,,,,335.0,,,,,20,,101
O1a,,,,,51.621244,-115.608378,2362.0,,,,,,339.0,,,0.35,60.0,20,,31
O1a,,,,,51.621244,-115.608378,2377.0,,,,,,351.0,,,0.35,60.0,20,,31
O1a,,,,,51.621244,-115.608378,2369.0,,,,,,34.0,,,0.35,60.0,20,,31
O1a,,,,,51.621244,-115.608378,2333.0,,,,,,47.0,,,0.35,60.0,20,,31
NF,,,,,51.621244,-115.608378,2288.0,,,,,,47.0,,,,,20,,101
NF,,,,,51.621244,-115.608378,2234.0,,,,,,48.0,,,,,20,,101
NF,,,,,51.621244,-115.608378,2191.0,,,,,,45.0,,,,,20,,101
C1,,,,,51.621244,-115.608378,2164.0,,,,,,37.0,,,0.75,,20,,1
NF,,,,,51.621244,-115.608378,2137.0,,,,,,14.0,,,,,20,,101
C2,,,,,51.621244,-115.608378,2140.0,,,,,,337.0,,,0.8,,20,,2
NF,,,,,51.621244,-115.608378,2166.0,,,,,,330.0,,,,,20,,101
NF,,,,,51.621244,-115.608378,2188.0,,,,,,335.0,,,,,20,,101
NF,,,,,51.621244,-115.608378,2207.0,,,,,,334.0,,,,,20,,101
NF,,,,,51.621244,-115.608378,2231.0,,,,,,327.0,,,,,20,,101
NF,,,,,51.621244,-115.608378,2284.0,,,,,,325.0,,,,,20,,101
NF,,,,,51.621244,-115.608378,2323.0,,,,,,329.0,,,,,20,,101
NF,,,,,51.621244,-115.608378,2366.0,,,,,,338.0,,,,,20,,101
NF,,,,,51.621244,-115.608378,2363.0,,,,,,65.0,,,,,20,,101
NF,,,,,51.621244,-115.608378,2265.0,,,,,,90.0,,,,,20,,101
NF,,,,,51.621244,-115.608378,2210.0,,,,,,97.0,,,,,20,,101
NF,,,,,51.621244,-115.608378,2200.0,,,,,,102.0,,,,,20,,101
C1,,,,,51.621244,-115.608378,2179.0,,,,,,95.0,,,0.75,,20,,1
C2,,,,,51.621244,-115.608378,2152.0,,,,,,89.0,,,0.8,,20,,2
C2,,,,,51.621244,-115.608378,2128.0,,,,,,87.0,,,0.8,,20,,2
C2,,,,,51.621244,-115.608378,2109.0,,,,,,116.0,,,0.8,,20,,2
C2,,,,,51.621244,-115.608378,2101.0,,,,,,188.0,,,0.8,,20,,2
C2,,,,,51.621244,-115.608378,2118.0,,,,,,203.0,,,0.8,,20,,2
C2,,,,,51.621244,-115.608378,2117.0,,,,,,110.0,,,0.8,,20,,2
C2,,,,,51.621244,-115.608378,2094.0,,,,,,95.0,,,0.8,,20,,2
C2,,,,,51.621244,-115.608378,2078.0,,,,,,144.0,,,0.8,,20,,2
O1a,,,,,51.621244,-115.608378,2412.0,,,,,,3.0,,,0.35,60.0,20,,31
O1a,,,,,51.621244,-115.608378,2414.0,,,,,,16.0,,,0.35,60.0,20,,31
O1a,,,,,51.621244,-115.608378,2408.0,,,,,,25.0,,,0.35,60.0,20,,31
O1a,,,,,51.621244,-115.608378,2385.0,,,,,,27.0,,,0.35,60.0,20,,31
NF,,,,,51.621244,-115.608378,2355.0,,,,,,24.0,,,,,20,,101
NF,,,,,51.621244,-115.608378,2331.0,,,,,,17.0,,,,,20,,101
O1a,,,,,51.621244,-115.608378,2322.0,,,,,,1.0,,,0.35,60.0,20,,31
O1a,,,,,51.621244,-115.608378,2336.0,,,,,,338.0,,,0.35,60.0,20,,31
O1a,,,,,51.621244,-115.608378,2360.0,,,,,,324.0,,,0.35,60.0,20,,31
O1a,,,,,51.621244,-115.608378,2377.0,,,,,,322.0,,,0.35,60.0,20,,31
O1a,,,,,51.621244,-115.608378,2387.0,,,,,,326.0,,,0.35,60.0,20,,31
O1a,,,,,51.621244,-115.608378,2389.0,,,,,,19.0,,,0.35,60.0,20,,31
O1a,,,,,51.621244,-115.608378,2378.0,,,,,,61.0,,,0.35,60.0,20,,31
O1a,,,,,51.621244,-115.608378,2360.0,,,,,,54.0,,,0.35,60.0,20,,31
O1a,,,,,51.621244,-115.608378,2332.0,,,,,,49.0,,,0.35,60.0,20,,31
NF,,,,,51.621244,-115.608378,2286.0,,,,,,46.0,,,,,20,,101
NF,,,,,51.621244,-115.608378,2233.0,,,,,,40.0,,,,,20,,101
NF,,,,,51.621244,-115.608378,2196.0,,,,,,25.0,,,,,20,,101
NF,,,,,51.621244,-115.608378,2179.0,,,,,,4.0,,,,,20,,101
NF,,,,,51.621244,-115.608378,2188.0,,,,,,346.0,,,,,20,,101
NF,,,,,51.621244,-115.608378,2211.0,,,,,,337.0,,,,,20,,101
NF,,,,,51.621244,-115.608378,2241.0,,,,,,335.0,,,,,20,,101
NF,,,,,51.621244,-115.608378,2277.0,,,,,,335.0,,,,,20,,101
NF,,,,,51.621244,-115.608378,2312.0,,,,,,332.0,,,,,20,,101
NF,,,,,51.621244,-115.608378,2348.0,,,,,,327.0,,,,,20,,101
O1a,,,,,51.621244,-115.608378,2379.0,,,,,,318.0,,,0.35,60.0,20,,31
O1a,,,,,51.621244,-115.608378,2394.0,,,,,,33.0,,,0.35,60.0,20,,31
O1a,,,,,51.621244,-115.608378,2364.0,,,,,,97.0,,,0.35,60.0,20,,31
NF,,,,,51.621244,-115.608378,2273.0,,,,,,97.0,,,,,20,,101
NF,,,,,51.621244,-115.608378,2202.0,,,,,,105.0,,,,,20,,101
NF,,,,,51.621244,-115.608378,2189.0,,,,,,126.0,,,,,20,,101
C1,,,,,51.621244,-115.608378,2171.0,,,,,,114.0,,,0.75,,20,,1
C1,,,,,51.621244,-115.608378,2149.0,,,,,,109.0,,,0.75,,20,,1
C2,,,,,51.621244,-115.608378,2127.0,,,,,,103.0,,,0.8,,20,,2
C2,,,,,51.621244,-115.608378,2107.0,,,,,,95.0,,,0.8,,20,,2
C2,,,,,51.621244,-115.608378,2086.0,,,,,,136.0,,,0.8,,20,,2
C2,,,,,51.621244,-115.608378,2094.0,,,,,,206.0,,,0.8,,20,,2
C2,,,,,51.621244,-115.608378,2113.0,,,,,,204.0,,,0.8,,20,,2
C2,,,,,51.621244,-115.608378,2111.0,,,,,,56.0,,,0.8,,20,,2
C2,,,,,51.621244,-115.608378,2098.0,,,,,,17.0,,,0.8,,20,,2
O1a,,,,,51.621244,-115.608378,2395.0,,,,,,185.0,,,0.35,60.0,20,,31
O1a,,,,,51.621244,-115.608378,2399.0,,,,,,189.0,,,0.35,60.0,20,,31
O1a,,,,,51.621244,-115.608378,2404.0,,,,,,172.0,,,0.35,60.0,20,,31
O1a,,,,,51.621244,-115.608378,2403.0,,,,,,68.0,,,0.35,60.0,20,,31
O1a,,,,,51.621244,-115.608378,2397.0,,,,,,33.0,,,0.35,60.0,20,,31
O1a,,,,,51.621244,-115.608378,2383.0,,,,,,24.0,,,0.35,60.0,20,,31
O1a,,,,,51.621244,-115.608378,2367.0,,,,,,13.0,,,0.35,60.0,20,,31
O1a,,,,,51.621244,-115.608378,2363.0,,,,,,347.0,,,0.35,60.0,20,,31
O1a,,,,,51.621244,-115.608378,2372.0,,,,,,305.0,,,0.35,60.0,20,,31
O1a,,,,,51.621244,-115.608378,2380.0,,,,,,264.0,,,0.35,60.0,20,,31
O1a,,,,,51.621244,-115.608378,2387.0,,,,,,219.0,,,0.35,60.0,20,,31
O1a,,,,,51.621244,-115.608378,2386.0,,,,,,141.0,,,0.35,60.0,20,,31
O1a,,,,,51.621244,-115.608378,2379.0,,,,,,101.0,,,0.35,60.0,20,,31
O1a,,,,,51.621244,-115.608378,2369.0,,,,,,77.0,,,0.35,60.0,20,,31
O1a,,,,,51.621244,-115.608378,2351.0,,,,,,64.0,,,0.35,60.0,20,,31
O1a,,,,,51.621244,-115.608378,2324.0,,,,,,50.0,,,0.35,60.0,20,,31
O1a,,,,,51.621244,-115.608378,2287.0,,,,,,33.0,,,0.35,60.0,20,,31
NF,,,,,51.621244,-115.608378,2258.0,,,,,,14.0,,,,,20,,101
NF,,,,,51.621244,-115.608378,2257.0,,,,,,359.0,,,,,20,,101
NF,,,,,51.621244,-115.608378,2264.0,,,,,,349.0,,,,,20,,101
NF,,,,,51.621244,-115.608378,2284.0,,,,,,340.0,,,,,20,,101
NF,,,,,51.621244,-115.608378,2314.0,,,,,,334.0,,,,,20,,101
NF,,,,,51.621244,-115.608378,2341.0,,,,,,328.0,,,,,20,,101
NF,,,,,51.621244,-115.608378,2364.0,,,,,,315.0,,,,,20,,101
O1a,,,,,51.621244,-115.608378,2374.0,,,,,,272.0,,,0.35,60.0,20,,31
O1a,,,,,51.621244,-115.608378,2372.0,,,,,,207.0,,,0.35,60.0,20,,31
O1a,,,,,51.621244,-115.608378,2372.0,,,,,,142.0,,,0.35,60.0,20,,31
O1a,,,,,51.621244,-115.608378,2338.0,,,,,,111.0,,,0.35,60.0,20,,31
NF,,,,,51.621244,-115.608378,2248.0,,,,,,108.0,,,,,20,,101
NF,,,,,51.621244,-115.608378,2187.0,,,,,,120.0,,,,,20,,101
O1a,,,,,51.621244,-115.608378,2176.0,,,,,,142.0,,,0.35,60.0,20,,31
O1a,,,,,51.621244,-115.608378,2161.0,,,,,,123.0,,,0.35,60.0,20,,31
O1a,,,,,51.621244,-115.608378,2133.0,,,,,,116.0,,,0.35,60.0,20,,31
C2,,,,,51.621244,-115.608378,2118.0,,,,,,113.0,,,0.8,,20,,2
C2,,,,,51.621244,-115.608378,2113.0,,,,,,86.0,,,0.8,,20,,2
C2,,,,,51.621244,-115.608378,2091.0,,,,,,83.0,,,0.8,,20,,2
C2,,,,,51.621244,-115.608378,2074.0,,,,,,164.0,,,0.8,,20,,2
O1a,,,,,51.621244,-115.608378,2086.0,,,,,,210.0,,,0.35,60.0,20,,31
C2,,,,,51.621244,-115.608378,2107.0,,,,,,213.0,,,0.8,,20,,2
C2,,,,,51.621244,-115.608378,2112.0,,,,,,209.0,,,0.8,,20,,2
O1a,,,,,51.621244,-115.608378,2375.0,,,,,,185.0,,,0.35,60.0,20,,31
O1a,,,,,51.621244,-115.608378,2379.0,,,,,,192.0,,,0.35,60.0,20,,31
O1a,,,,,51.621244,-115.608378,2384.0,,,,,,194.0,,,0.35,60.0,20,,31
O1a,,,,,51.621244,-115.608378,2390.0,,,,,,189.0,,,0.35,60.0,20,,31
O1a,,,,,51.621244,-115.608378,2392.0,,,,,,174.0,,,0.35,60.0,20,,31
O1a,,,,,51.621244,-115.608378,2391.0,,,,,,107.0,,,0.35,60.0,20,,31
O1a,,,,,51.621244,-115.608378,2385.0,,,,,,53.0,,,0.35,60.0,20,,31
O1a,,,,,51.621244,-115.608378,2373.0,,,,,,49.0,,,0.35,60.0,20,,31
O1a,,,,,51.621244,-115.608378,2370.0,,,,,,200.0,,,0.35,60.0,20,,31
O1a,,,,,51.621244,-115.608378,2374.0,,,,,,206.0,,,0.35,60.0,20,,31
O1a,,,,,51.621244,-115.608378,2377.0,,,,,,195.0,,,0.35,60.0,20,,31
O1a,,,,,51.621244,-115.608378,2378.0,,,,,,165.0,,,0.35,60.0,20,,31
O1a,,,,,51.621244,-115.608378,2373.0,,,,,,136.0,,,0.35,60.0,20,,31
O1a,,,,,51.621244,-115.608378,2366.0,,,,,,111.0,,,0.35,60.0,20,,31
O1a,,,,,51.621244,-115.608378,2352.0,,,,,,92.0,,,0.35,60.0,20,,31
O1a,,,,,51.621244,-115.608378,2335.0,,,,,,69.0,,,0.35,60.0,20,,31
O1a,,,,,51.621244,-115.608378,2325.0,,,,,,37.0,,,0.35,60.0,20,,31
O1a,,,,,51.621244,-115.608378,2318.0,,,,,,11.0,,,0.35,60.0,20,,31
O1a,,,,,51.621244,-115.608378,2317.0,,,,,,356.0,,,0.35,60.0,20,,31
O1a,,,,,51.621244,-115.608378,2323.0,,,,,,344.0,,,0.35,60.0,20,,31
NF,,,,,51.621244,-115.608378,2334.0,,,,,,324.0,,,,,20,,101
NF,,,,,51.621244,-115.608378,2345.0,,,,,,286.0,,,,,20,,101
NF,,,,,51.621244,-115.608378,2347.0,,,,,,221.0,,,,,20,,101
NF,,,,,51.621244,-115.608378,2346.0,,,,,,198.0,,,,,20,,101
NF,,,,,51.621244,-115.608378,2347.0,,,,,,190.0,,,,,20,,101
NF,,,,,51.621244,-115.608378,2351.0,,,,,,188.0,,,,,20,,101
O1a,,,,,51.621244,-115.608378,2355.0,,,,,,132.0,,,0.35,60.0,20,,31
O1a,,,,,51.621244,-115.608378,2313.0,,,,,,109.0,,,0.35,60.0,20,,31
NF,,,,,51.621244,-115.608378,2218.0,,,,,,109.0,,,,,20,,101
NF,,,,,51.621244,-115.608378,2162.0,,,,,,123.0,,,,,20,,101
O1a,,,,,51.621244,-115.608378,2156.0,,,,,,147.0,,,0.35,60.0,20,,31
O1a,,,,,51.621244,-115.608378,2147.0,,,,,,126.0,,,0.35,60.0,20,,31
C2,,,,,51.621244,-115.608378,2126.0,,,,,,117.0,,,0.8,,20,,2
C2,,,,,51.621244,-115.608378,2116.0,,,,,,115.0,,,0.8,,20,,2
C3,,,,,51.621244,-115.608378,2108.0,,,,,,103.0,,,1.15,,20,,3
C2,,,,,51.621244,-115.608378,2101.0,,,,,,86.0,,,0.8,,20,,2
C2,,,,,51.621244,-115.608378,2076.0,,,,,,94.0,,,0.8,,20,,2
C2,,,,,51.621244,-115.608378,2064.0,,,,,,190.0,,,0.8,,20,,2
O1a,,,,,51.621244,-115.608378,2080.0,,,,,,211.0,,,0.35,60.0,20,,31
C2,,,,,51.621244,-115.608378,2099.0,,,,,,197.0,,,0.8,,20,,2
O1a,,,,,51.621244,-115.608378,2351.0,,,,,,184.0,,,0.35,60.0,20,,31
O1a,,,,,51.621244,-115.608378,2355.0,,,,,,193.0,,,0.35,60.0,20,,31
O1a,,,,,51.621244,-115.608378,2362.0,,,,,,199.0,,,0.35,60.0,20,,31
O1a,,,,,51.621244,-115.608378,2370.0,,,,,,198.0,,,0.35,60.0,20,,31
O1a,,,,,51.621244,-115.608378,2375.0,,,,,,194.0,,,0.35,60.0,20,,31
O1a,,,,,51.621244,-115.608378,2380.0,,,,,,194.0,,,0.35,60.0,20,,31
O1a,,,,,51.621244,-115.608378,2384.0,,,,,,159.0,,,0.35,60.0,20,,31
O1a,,,,,51.621244,-115.608378,2376.0,,,,,,114.0,,,0.35,60.0,20,,31
O1a,,,,,51.621244,-115.608378,2366.0,,,,,,135.0,,,0.35,60.0,20,,31
O1a,,,,,51.621244,-115.608378,2363.0,,,,,,184.0,,,0.35,60.0,20,,31
O1a,,,,,51.621244,-115.608378,2367.0,,,,,,193.0,,,0.35,60.0,20,,31
O1a,,,,,51.621244,-115.608378,2369.0,,,,,,176.0,,,0.35,60.0,20,,31
O1a,,,,,51.621244,-115.608378,2366.0,,,,,,149.0,,,0.35,60.0,20,,31
O1a,,,,,51.621244,-115.608378,2360.0,,,,,,126.0,,,0.35,60.0,20,,31
O1a,,,,,51.621244,-115.608378,2348.0,,,,,,115.0,,,0.35,60.0,20,,31
O1a,,,,,51.621244,-115.608378,2334.0,,,,,,113.0,,,0.35,60.0,20,,31
O1a,,,,,51.621244,-115.608378,2323.0,,,,,,124.0,,,0.35,60.0,20,,31
O1a,,,,,51.621244,-115.608378,2321.0,,,,,,156.0,,,0.35,60.0,20,,31
O1a,,,,,51.621244,-115.608378,2321.0,,,,,,180.0,,,0.35,60.0,20,,31
O1a,,,,,51.621244,-115.608378,2320.0,,,,,,189.0,,,0.35,60.0,20,,31
O1a,,,,,51.621244,-115.608378,2319.0,,,,,,191.0,,,0.35,60.0,20,,31
O1a,,,,,51.621244,-115.608378,2319.0,,,,,,189.0,,,0.35,60.0,20,,31
NF,,,,,51.621244,-115.608378,2322.0,,,,,,191.0,,,,,20,,101
NF,,,,,51.621244,-115.608378,2328.0,,,,,,195.0,,,,,20,,101
NF,,,,,51.621244,-115.608378,2333.0,,,,,,199.0,,,,,20,,101
O1a,,,,,51.621244,-115.608378,2339.0,,,,,,191.0,,,0.35,60.0,20,,31
NF,,,,,51.621244,-115.608378,2339.0,,,,,,122.0,,,,,20,,101
O1a,,,,,51.621244,-115.608378,2285.0,,,,,,103.0,,,0.35,60.0,20,,31
NF,,,,,51.621244,-115.608378,2190.0,,,,,,101.0,,,,,20,,101
NF,,,,,51.621244,-115.608378,2152.0,,,,,,111.0,,,,,20,,101
O1a,,,,,51.621244,-115.608378,2149.0,,,,,,130.0,,,0.35,60.0,20,,31
O1a,,,,,51.621244,-115.608378,2132.0,,,,,,120.0,,,0.35,60.0,20,,31
C2,,,,,51.621244,-115.608378,2118.0,,,,,,129.0,,,0.8,,20,,2
C2,,,,,51.621244,-115.608378,2113.0,,,,,,138.0,,,0.8,,20,,2
C3,,,,,51.621244,-115.608378,2104.0,,,,,,131.0,,,1.15,,20,,3
C2,,,,,51.621244,-115.608378,2096.0,,,,,,109.0,,,0.8,,20,,2
C2,,,,,51.621244,-115.608378,2080.0,,,,,,97.0,,,0.8,,20,,2
C2,,,,,51.621244,-115.608378,2060.0,,,,,,126.0,,,0.8,,20,,2
C2,,,,,51.621244,-115.608378,2057.0,,,,,,199.0,,,0.8,,20,,2
C2,,,,,51.621244,-115.608378,2069.0,,,,,,195.0,,,0.8,,20,,2
O1a,,,,,51.621244,-115.608378,2320.0,,,,,,185.0,,,0.35,60.0,20,,31
O1a,,,,,51.621244,-115.608378,2326.0,,,,,,197.0,,,0.35,60.0,20,,31
O1a,,,,,51.621244,-115.608378,2339.0,,,,,,204.0,,,0.35,60.0,20,,31
O1a,,,,,51.621244,-115.608378,2351.0,,,,,,202.0,,,0.35,60.0,20,,31
O1a,,,,,51.621244,-115.608378,2357.0,,,,,,201.0,,,0.35,60.0,20,,31
O1a,,,,,51.621244,-115.608378,2365.0,,,,,,206.0,,,0.35,60.0,20,,31
O1a,,,,,51.621244,-115.608378,2372.0,,,,,,190.0,,,0.35,60.0,20,,31
O1a,,,,,51.621244,-115.608378,2370.0,,,,,,146.0,,,0.35,60.0,20,,31
O1a,,,,,51.621244,-115.608378,2361.0,,,,,,133.0,,,0.35,60.0,20,,31
O1a,,,,,51.621244,-115.608378,2356.0,,,,,,166.0,,,0.35,60.0,20,,31
O1a,,,,,51.621244,-115.608378,2357.0,,,,,,190.0,,,0.35,60.0,20,,31
O1a,,,,,51.621244,-115.608378,2359.0,,,,,,181.0,,,0.35,60.0,20,,31
O1a,,,,,51.621244,-115.608378,2358.0,,,,,,155.0,,,0.35,60.0,20,,31
O1a,,,,,51.621244,-115.608378,2352.0,,,,,,131.0,,,0.35,60.0,20,,31
O1a,,,,,51.621244,-115.608378,2337.0,,,,,,128.0,,,0.35,60.0,20,,31
O1a,,,,,51.621244,-115.608378,2326.0,,,,,,133.0,,,0.35,60.0,20,,31
O1a,,,,,51.621244,-115.608378,2314.0,,,,,,142.0,,,0.35,60.0,20,,31
O1a,,,,,51.621244,-115.608378,2304.0,,,,,,164.0,,,0.35,60.0,20,,31
O1a,,,,,51.621244,-115.608378,2302.0,,,,,,177.0,,,0.35,60.0,20,,31
O1a,,,,,51.621244,-115.608378,2301.0,,,,,,181.0,,,0.35,60.0,20,,31
O1a,,,,,51.621244,-115.608378,2304.0,,,,,,186.0,,,0.35,60.0,20,,31
O1a,,,,,51.621244,-115.608378,2306.0,,,,,,193.0,,,0.35,60.0,20,,31
NF,,,,,51.621244,-115.608378,2310.0,,,,,,202.0,,,,,20,,101
O1a,,,,,51.621244,-115.608378,2316.0,,,,,,203.0,,,0.35,60.0,20,,31
NF,,,,,51.621244,-115.608378,2321.0,,,,,,202.0,,,,,20,,101
O1a,,,,,51.621244,-115.608378,2326.0,,,,,,187.0,,,0.35,60.0,20,,31
O1a,,,,,51.621244,-115.608378,2323.0,,,,,,115.0,,,0.35,60.0,20,,31
O1a,,,,,51.621244,-115.608378,2277.0,,,,,,95.0,,,0.35,60.0,20,,31
NF,,,,,51.621244,-115.608378,2189.0,,,,,,92.0,,,,,20,,101
O1a,,,,,51.621244,-115.608378,2146.0,,,,,,103.0,,,0.35,60.0,20,,31
C2,,,,,51.621244,-115.608378,2143.0,,,,,,128.0,,,0.8,,20,,2
C2,,,,,51.621244,-115.608378,2125.0,,,,,,115.0,,,0.8,,20,,2
C2,,,,,51.621244,-115.608378,2107.0,,,,,,125.0,,,0.8,,20,,2
C3,,,,,51.621244,-115.608378,2099.0,,,,,,147.0,,,1.15,,20,,3
C3,,,,,51.621244,-115.608378,2096.0,,,,,,146.0,,,1.15,,20,,3
C3,,,,,51.621244,-115.608378,2089.0,,,,,,129.0,,,1.15,,20,,3
C2,,,,,51.621244,-115.608378,2078.0,,,,,,111.0,,,0.8,,20,,2
C2,,,,,51.621244,-115.608378,2053.0,,,,,,107.0,,,0.8,,20,,2
C2,,,,,51.621244,-115.608378,2040.0,,,,,,164.0,,,0.8,,20,,2
C2,,,,,51.621244,-115.608378,2050.0,,,,,,188.0,,,0.8,,20,,2
C1,,,,,51.621244,-115.608378,2294.0,,,,,,188.0,,,0.75,,20,,1
C1,,,,,51.621244,-115.608378,2301.0,,,,,,201.0,,,0.75,,20,,1
O1a,,,,,51.621244,-115.608378,2313.0,,,,,,206.0,,,0.35,60.0,20,,31
O1a,,,,,51.621244,-115.608378,2326.0,,,,,,205.0,,,0.35,60.0,20,,31
O1a,,,,,51.621244,-115.608378,2337.0,,,,,,206.0,,,0.35,60.0,20,,31
O1a,,,,,51.621244,-115.608378,2349.0,,,,,,211.0,,,0.35,60.0,20,,31
O1a,,,,,51.621244,-115.608378,2359.0,,,,,,204.0,,,0.35,60.0,20,,31
O1a,,,,,51.621244,-115.608378,2361.0,,,,,,169.0,,,0.35,60.0,20,,31
O1a,,,,,51.621244,-115.608378,2355.0,,,,,,144.0,,,0.35,60.0,20,,31
O1a,,,,,51.621244,-115.608378,2350.0,,,,,,153.0,,,0.35,60.0,20,,31
O1a,,,,,51.621244,-115.608378,2349.0,,,,,,170.0,,,0.35,60.0,20,,31
O1a,,,,,51.621244,-115.608378,2350.0,,,,,,177.0,,,0.35,60.0,20,,31
O1a,,,,,51.621244,-115.608378,2350.0,,,,,,163.0,,,0.35,60.0,20,,31
O1a,,,,,51.621244,-115.608378,2342.0,,,,,,136.0,,,0.35,60.0,20,,31
O1a,,,,,51.621244,-115.608378,2325.0,,,,,,132.0,,,0.35,60.0,20,,31
O1a,,,,,51.621244,-115.608378,2312.0,,,,,,137.0,,,0.35,60.0,20,,31
O1a,,,,,51.621244,-115.608378,2299.0,,,,,,141.0,,,0.35,60.0,20,,31
O1a,,,,,51.621244,-115.608378,2291.0,,,,,,158.0,,,0.35,60.0,20,,31
O1a,,,,,51.621244,-115.608378,2293.0,,,,,,167.0,,,0.35,60.0,20,,31
O1a,,,,,51.621244,-115.608378,2293.0,,,,,,171.0,,,0.35,60.0,20,,31
O1a,,,,,51.621244,-115.608378,2293.0,,,,,,182.0,,,0.35,60.0,20,,31
O1a,,,,,51.621244,-115.608378,2296.0,,,,,,193.0,,,0.35,60.0,20,,31
O1a,,,,,51.621244,-115.608378,2300.0,,,,,,200.0,,,0.35,60.0,20,,31
NF,,,,,51.621244,-115.608378,2304.0,,,,,,200.0,,,,,20,,101
NF,,,,,51.621244,-115.608378,2308.0,,,,,,201.0,,,,,20,,101
NF,,,,,51.621244,-115.608378,2314.0,,,,,,191.0,,,,,20,,101
O1a,,,,,51.621244,-115.608378,2312.0,,,,,,114.0,,,0.35,60.0,20,,31
O1a,,,,,51.621244,-115.608378,2273.0,,,,,,94.0,,,0.35,60.0,20,,31
NF,,,,,51.621244,-115.608378,2191.0,,,,,,92.0,,,,,20,,101
NF,,,,,51.621244,-115.608378,2138.0,,,,,,102.0,,,,,20,,101
O1a,,,,,51.621244,-115.608378,2130.0,,,,,,134.0,,,0.35,60.0,20,,31
O1a,,,,,51.621244,-115.608378,2118.0,,,,,,118.0,,,0.35,60.0,20,,31
C2,,,,,51.621244,-115.608378,2101.0,,,,,,114.0,,,0.8,,20,,2
C3,,,,,51.621244,-115.608378,2090.0,,,,,,136.0,,,1.15,,20,,3
C2,,,,,51.621244,-115.608378,2087.0,,,,,,147.0,,,0.8,,20,,2
C3,,,,,51.621244,-115.608378,2078.0,,,,,,135.0,,,1.15,,20,,3
C2,,,,,51.621244,-115.608378,2066.0,,,,,,126.0,,,0.8,,20,,2
C2,,,,,51.621244,-115.608378,2054.0,,,,,,119.0,,,0.8,,20,,2
C2,,,,,51.621244,-115.608378,2044.0,,,,,,133.0,,,0.8,,20,,2
C2,,,,,51.621244,-115.608378,2031.0,,,,,,168.0,,,0.8,,20,,2
O1a,,,,,51.621244,-115.608378,2270.0,,,,,,189.0,,,0.35,60.0,20,,31
C1,,,,,51.621244,-115.608378,2278.0,,,,,,202.0,,,0.75,,20,,1
O1a,,,,,51.621244,-115.608378,2289.0,,,,,,207.0,,,0.35,60.0,20,,31
O1a,,,,,51.621244,-115.608378,2302.0,,,,,,208.0,,,0.35,60.0,20,,31
O1a,,,,,51.621244,-115.608378,2314.0,,,,,,205.0,,,0.35,60.0,20,,31
O1a,,,,,51.621244,-115.608378,2328.0,,,,,,208.0,,,0.35,60.0,20,,31
O1a,,,,,51.621244,-115.608378,2344.0,,,,,,208.0,,,0.35,60.0,20,,31
O1a,,,,,51.621244,-115.608378,2350.0,,,,,,194.0,,,0.35,60.0,20,,31
O1a,,,,,51.621244,-115.608378,2348.0,,,,,,175.0,,,0.35,60.0,20,,31
O1a,,,,,51.621244,-115.608378,2347.0,,,,,,149.0,,,0.35,60.0,20,,31
O1a,,,,,51.621244,-115.608378,2341.0,,,,,,136.0,,,0.35,60.0,20,,31
O1a,,,,,51.621244,-115.608378,2333.0,,,,,,156.0,,,0.35,60.0,20,,31
O1a,,,,,51.621244,-115.608378,2334.0,,,,,,160.0,,,0.35,60.0,20,,31
O1a,,,,,51.621244,-115.608378,2327.0,,,,,,142.0,,,0.35,60.0,20,,31
O1a,,,,,51.621244,-115.608378,2311.0,,,,,,134.0,,,0.35,60.0,20,,31
O1a,,,,,51.621244,-115.608378,2299.0,,,,,,135.0,,,0.35,60.0,20,,31
O1a,,,,,51.621244,-115.608378,2288.0,,,,,,137.0,,,0.35,60.0,20,,31
O1a,,,,,51.621244,-115.608378,2281.0,,,,,,147.0,,,0.35,60.0,20,,31
O1a,,,,,51.621244,-115.608378,2271.0,,,,,,154.0,,,0.35,60.0,20,,31
O1a,,,,,51.621244,-115.608378,2251.0,,,,,,163.0,,,0.35,60.0,20,,31
NF,,,,,51.621244,-115.608378,2240.0,,,,,,178.0,,,,,20,,101
NF,,,,,51.621244,-115.608378,2251.0,,,,,,192.0,,,,,20,,101
NF,,,,,51.621244,-115.608378,2272.0,,,,,,198.0,,,,,20,,101
O1a,,,,,51.621244,-115.608378,2285.0,,,,,,200.0,,,0.35,60.0,20,,31
NF,,,,,51.621244,-115.608378,2293.0,,,,,,205.0,,,,,20,,101
NF,,,,,51.621244,-115.608378,2300.0,,,,,,204.0,,,,,20,,101
NF,,,,,51.621244,-115.608378,2304.0,,,,,,121.0,,,,,20,,101
O1a,,,,,51.621244,-115.608378,2266.0,,,,,,94.0,,,0.35,60.0,20,,31
NF,,,,,51.621244,-115.608378,2189.0,,,,,,91.0,,,,,20,,101
C1,,,,,51.621244,-115.608378,2131.0,,,,,,97.0,,,0.75,,20,,1
O1a,,,,,51.621244,-115.608378,2118.0,,,,,,131.0,,,0.35,60.0,20,,31
C2,,,,,51.621244,-115.608378,2112.0,,,,,,131.0,,,0.8,,20,,2
O1a,,,,,51.621244,-115.608378,2096.0,,,,,,123.0,,,0.35,60.0,20,,31
C3,,,,,51.621244,-115.608378,2083.0,,,,,,136.0,,,1.15,,20,,3
C2,,,,,51.621244,-115.608378,2077.0,,,,,,147.0,,,0.8,,20,,2
C3,,,,,51.621244,-115.608378,2069.0,,,,,,138.0,,,1.15,,20,,3
C2,,,,,51.621244,-115.608378,2053.0,,,,,,133.0,,,0.8,,20,,2
C2,,,,,51.621244,-115.608378,2041.0,,,,,,137.0,,,0.8,,20,,2
C2,,,,,51.621244,-115.608378,2028.0,,,,,,149.0,,,0.8,,20,,2
C2,,,,,51.621244,-115.608378,2028.0,,,,,,172.0,,,0.8,,20,,2
O1a,,,,,51.621244,-115.608378,2250.0,,,,,,190.0,,,0.35,60.0,20,,31
O1a,,,,,51.621244,-115.608378,2257.0,,,,,,202.0,,,0.35,60.0,20,,31
C1,,,,,51.621244,-115.608378,2267.0,,,,,,208.0,,,0.75,,20,,1
O1a,,,,,51.621244,-115.608378,2280.0,,,,,,205.0,,,0.35,60.0,20,,31
O1a,,,,,51.621244,-115.608378,2291.0,,,,,,200.0,,,0.35,60.0,20,,31
O1a,,,,,51.621244,-115.608378,2297.0,,,,,,209.0,,,0.35,60.0,20,,31
O1a,,,,,51.621244,-115.608378,2314.0,,,,,,219.0,,,0.35,60.0,20,,31
O1a,,,,,51.621244,-115.608378,2332.0,,,,,,219.0,,,0.35,60.0,20,,31
O1a,,,,,51.621244,-115.608378,2341.0,,,,,,212.0,,,0.35,60.0,20,,31
O1a,,,,,51.621244,-115.608378,2344.0,,,,,,173.0,,,0.35,60.0,20,,31
O1a,,,,,51.621244,-115.608378,2340.0,,,,,,95.0,,,0.35,60.0,20,,31
O1a,,,,,51.621244,-115.608378,2331.0,,,,,,97.0,,,0.35,60.0,20,,31
O1a,,,,,51.621244,-115.608378,2320.0,,,,,,123.0,,,0.35,60.0,20,,31
O1a,,,,,51.621244,-115.608378,2311.0,,,,,,133.0,,,0.35,60.0,20,,31
O1a,,,,,51.621244,-115.608378,2299.0,,,,,,135.0,,,0.35,60.0,20,,31
O1a,,,,,51.621244,-115.608378,2288.0,,,,,,136.0,,,0.35,60.0,20,,31
O1a,,,,,51.621244,-115.608378,2280.0,,,,,,134.0,,,0.35,60.0,20,,31
O1a,,,,,51.621244,-115.608378,2261.0,,,,,,137.0,,,0.35,60.0,20,,31
O1a,,,,,51.621244,-115.608378,2224.0,,,,,,141.0,,,0.35,60.0,20,,31
O1a,,,,,51.621244,-115.608378,2185.0,,,,,,150.0,,,0.35,60.0,20,,31
O1a,,,,,51.621244,-115.608378,2164.0,,,,,,171.0,,,0.35,60.0,20,,31
O1a,,,,,51.621244,-115.608378,2171.0,,,,,,191.0,,,0.35,60.0,20,,31
O1a,,,,,51.621244,-115.608378,2198.0,,,,,,198.0,,,0.35,60.0,20,,31
NF,,,,,51.621244,-115.608378,2228.0,,,,,,202.0,,,,,20,,101
NF,,,,,51.621244,-115.608378,2260.0,,,,,,209.0,,,,,20,,101
NF,,,,,51.621244,-115.608378,2283.0,,,,,,213.0,,,,,20,,101
NF,,,,,51.621244,-115.608378,2293.0,,,,,,155.0,,,,,20,,101
O1a,,,,,51.621244,-115.608378,2263.0,,,,,,92.0,,,0.35,60.0,20,,31
NF,,,,,51.621244,-115.608378,2195.0,,,,,,86.0,,,,,20,,101
C1,,,,,51.621244,-115.608378,2129.0,,,,,,90.0,,,0.75,,20,,1
C2,,,,,51.621244,-115.608378,2105.0,,,,,,120.0,,,0.8,,20,,2
C2,,,,,51.621244,-115.608378,2097.0,,,,,,144.0,,,0.8,,20,,2
C3,,,,,51.621244,-115.608378,2084.0,,,,,,141.0,,,1.15,,20,,3
C2,,,,,51.621244,-115.608378,2072.0,,,,,,144.0,,,0.8,,20,,2
C2,,,,,51.621244,-115.608378,2062.0,,,,,,151.0,,,0.8,,20,,2
C2,,,,,51.621244,-115.608378,2053.0,,,,,,145.0,,,0.8,,20,,2
C3,,,,,51.621244,-115.608378,2041.0,,,,,,135.0,,,1.15,,20,,3
C2,,,,,51.621244,-115.608378,2027.0,,,,,,133.0,,,0.8,,20,,2
C2,,,,,51.621244,-115.608378,2014.0,,,,,,155.0,,,0.8,,20,,2
C2,,,,,51.621244,-115.608378,2017.0,,,,,,183.0,,,0.8,,20,,2
C1,,,,,51.621244,-115.608378,2238.0,,,,,,187.0,,,0.75,,20,,1
O1a,,,,,51.621244,-115.608378,2240.0,,,,,,200.0,,,0.35,60.0,20,,31
C1,,,,,51.621244,-115.608378,2248.0,,,,,,205.0,,,0.75,,20,,1
O1a,,,,,51.621244,-115.608378,2259.0,,,,,,203.0,,,0.35,60.0,20,,31
O1a,,,,,51.621244,-115.608378,2262.0,,,,,,210.0,,,0.35,60.0,20,,31
C1,,,,,51.621244,-115.608378,2274.0,,,,,,237.0,,,0.75,,20,,1
O1a,,,,,51.621244,-115.608378,2300.0,,,,,,250.0,,,0.35,60.0,20,,31
O1a,,,,,51.621244,-115.608378,2322.0,,,,,,248.0,,,0.35,60.0,20,,31
O1a,,,,,51.621244,-115.608378,2335.0,,,,,,237.0,,,0.35,60.0,20,,31
O1a,,,,,51.621244,-115.608378,2340.0,,,,,,212.0,,,0.35,60.0,20,,31
O1a,,,,,51.621244,-115.608378,2341.0,,,,,,113.0,,,0.35,60.0,20,,31
O1a,,,,,51.621244,-115.608378,2336.0,,,,,,90.0,,,0.35,60.0,20,,31
O1a,,,,,51.621244,-115.608378,2319.0,,,,,,94.0,,,0.35,60.0,20,,31
O1a,,,,,51.621244,-115.608378,2300.0,,,,,,107.0,,,0.35,60.0,20,,31
O1a,,,,,51.621244,-115.608378,2286.0,,,,,,124.0,,,0.35,60.0,20,,31
O1a,,,,,51.621244,-115.608378,2280.0,,,,,,130.0,,,0.35,60.0,20,,31
O1a,,,,,51.621244,-115.608378,2263.0,,,,,,128.0,,,0.35,60.0,20,,31
O1a,,,,,51.621244,-115.608378,2225.0,,,,,,132.0,,,0.35,60.0,20,,31
O1a,,,,,51.621244,-115.608378,2191.0,,,,,,134.0,,,0.35,60.0,20,,31
O1a,,,,,51.621244,-115.608378,2158.0,,,,,,128.0,,,0.35,60.0,20,,31
C1,,,,,51.621244,-115.608378,2124.0,,,,,,144.0,,,0.75,,20,,1
O1a,,,,,51.621244,-115.608378,2118.0,,,,,,185.0,,,0.35,60.0,20,,31
C1,,,,,51.621244,-115.608378,2132.0,,,,,,200.0,,,0.75,,20,,1
C2,,,,,51.621244,-115.608378,2153.0,,,,,,208.0,,,0.8,,20,,2
O1a,,,,,51.621244,-115.608378,2194.0,,,,,,215.0,,,0.35,60.0,20,,31
O1a,,,,,51.621244,-115.608378,2243.0,,,,,,218.0,,,0.35,60.0,20,,31
NF,,,,,51.621244,-115.608378,2276.0,,,,,,205.0,,,,,20,,101
NF,,,,,51.621244,-115.608378,2264.0,,,,,,96.0,,,,,20,,101
O1a,,,,,51.621244,-115.608378,2205.0,,,,,,85.0,,,0.35,60.0,20,,31
C2,,,,,51.621244,-115.608378,2136.0,,,,,,92.0,,,0.8,,20,,2
C2,,,,,51.621244,-115.608378,2092.0,,,,,,117.0,,,0.8,,20,,2
C2,,,,,51.621244,-115.608378,2076.0,,,,,,149.0,,,0.8,,20,,2
C2,,,,,51.621244,-115.608378,2066.0,,,,,,148.0,,,0.8,,20,,2
C2,,,,,51.621244,-115.608378,2055.0,,,,,,145.0,,,0.8,,20,,2
C2,,,,,51.621244,-115.608378,2043.0,,,,,,150.0,,,0.8,,20,,2
C3,,,,,51.621244,-115.608378,2039.0,,,,,,149.0,,,1.15,,20,,3
C3,,,,,51.621244,-115.608378,2029.0,,,,,,142.0,,,1.15,,20,,3
C2,,,,,51.621244,-115.608378,2015.0,,,,,,135.0,,,0.8,,20,,2
C3,,,,,51.621244,-115.608378,2004.0,,,,,,152.0,,,1.15,,20,,3
C2,,,,,51.621244,-115.608378,2004.0,,,,,,180.0,,,0.8,,20,,2
C1,,,,,51.621244,-115.608378,2233.0,,,,,,184.0,,,0.75,,20,,1
O1a,,,,,51.621244,-115.608378,2232.0,,,,,,194.0,,,0.35,60.0,20,,31
O1a,,,,,51.621244,-115.608378,2233.0,,,,,,199.0,,,0.35,60.0,20,,31
C1,,,,,51.621244,-115.608378,2236.0,,,,,,215.0,,,0.75,,20,,1
C1,,,,,51.621244,-115.608378,2251.0,,,,,,246.0,,,0.75,,20,,1
O1a,,,,,51.621244,-115.608378,2276.0,,,,,,263.0,,,0.35,60.0,20,,31
O1a,,,,,51.621244,-115.608378,2301.0,,,,,,265.0,,,0.35,60.0,20,,31
O1a,,,,,51.621244,-115.608378,2319.0,,,,,,258.0,,,0.35,60.0,20,,31
O1a,,,,,51.621244,-115.608378,2331.0,,,,,,246.0,,,0.35,60.0,20,,31
O1a,,,,,51.621244,-115.608378,2336.0,,,,,,225.0,,,0.35,60.0,20,,31
O1a,,,,,51.621244,-115.608378,2338.0,,,,,,149.0,,,0.35,60.0,20,,31
O1a,,,,,51.621244,-115.608378,2332.0,,,,,,104.0,,,0.35,60.0,20,,31
O1a,,,,,51.621244,-115.608378,2320.0,,,,,,93.0,,,0.35,60.0,20,,31
O1a,,,,,51.621244,-115.608378,2300.0,,,,,,90.0,,,0.35,60.0,20,,31
O1a,,,,,51.621244,-115.608378,2281.0,,,,,,98.0,,,0.35,60.0,20,,31
O1a,,,,,51.621244,-115.608378,2272.0,,,,,,108.0,,,0.35,60.0,20,,31
O1a,,,,,51.621244,-115.608378,2238.0,,,,,,107.0,,,0.35,60.0,20,,31
O1a,,,,,51.621244,-115.608378,2186.0,,,,,,109.0,,,0.35,60.0,20,,31
O1a,,,,,51.621244,-115.608378,2159.0,,,,,,107.0,,,0.35,60.0,20,,31
NF,,,,,51.621244,-115.608378,2146.0,,,,,,67.0,,,,,20,,101
C2,,,,,51.621244,-115.608378,2120.0,,,,,,58.0,,,0.8,,20,,2
C2,,,,,51.621244,-115.608378,2097.0,,,,,,83.0,,,0.8,,20,,2
C2,,,,,51.621244,-115.608378,2096.0,,,,,,193.0,,,0.8,,20,,2
O1a,,,,,51.621244,-115.608378,2117.0,,,,,,216.0,,,0.35,60.0,20,,31
C2,,,,,51.621244,-115.608378,2146.0,,,,,,220.0,,,0.8,,20,,2
C2,,,,,51.621244,-115.608378,2187.0,,,,,,222.0,,,0.8,,20,,2
O1a,,,,,51.621244,-115.608378,2239.0,,,,,,223.0,,,0.35,60.0,20,,31
NF,,,,,51.621244,-115.608378,2264.0,,,,,,142.0,,,,,20,,101
O1a,,,,,51.621244,-115.608378,2215.0,,,,,,88.0,,,0.35,60.0,20,,31
C1,,,,,51.621244,-115.608378,2127.0,,,,,,93.0,,,0.75,,20,,1
NF,,,,,51.621244,-115.608378,2068.0,,,,,,111.0,,,,,20,,101
C2,,,,,51.621244,-115.608378,2057.0,,,,,,146.0,,,0.8,,20,,2
C2,,,,,51.621244,-115.608378,2052.0,,,,,,141.0,,,0.8,,20,,2
C2,,,,,51.621244,-115.608378,2039.0,,,,,,136.0,,,0.8,,20,,2
C2,,,,,51.621244,-115.608378,2033.0,,,,,,144.0,,,0.8,,20,,2
C2,,,,,51.621244,-115.608378,2021.0,,,,,,146.0,,,0.8,,20,,2
C2,,,,,51.621244,-115.608378,2010.0,,,,,,147.0,,,0.8,,20,,2
C3,,,,,51.621244,-115.608378,2005.0,,,,,,140.0,,,1.15,,20,,3
C3,,,,,51.621244,-115.608378,1993.0,,,,,,150.0,,,1.15,,20,,3
C2,,,,,51.621244,-115.608378,1991.0,,,,,,177.0,,,0.8,,20,,2
C2,,,,,51.621244,-115.608378,2221.0,,,,,,187.0,,,0.8,,20,,2
C2,,,,,51.621244,-115.608378,2226.0,,,,,,183.0,,,0.8,,20,,2
O1a,,,,,51.621244,-115.608378,2228.0,,,,,,182.0,,,0.35,60.0,20,,31
O1a,,,,,51.621244,-115.608378,2229.0,,,,,,218.0,,,0.35,60.0,20,,31
C1,,,,,51.621244,-115.608378,2246.0,,,,,,246.0,,,0.75,,20,,1
O1a,,,,,51.621244,-115.608378,2274.0,,,,,,250.0,,,0.35,60.0,20,,31
O1a,,,,,51.621244,-115.608378,2296.0,,,,,,247.0,,,0.35,60.0,20,,31
O1a,,,,,51.621244,-115.608378,2315.0,,,,,,243.0,,,0.35,60.0,20,,31
O1a,,,,,51.621244,-115.608378,2327.0,,,,,,235.0,,,0.35,60.0,20,,31
O1a,,,,,51.621244,-115.608378,2333.0,,,,,,217.0,,,0.35,60.0,20,,31
O1a,,,,,51.621244,-115.608378,2335.0,,,,,,165.0,,,0.35,60.0,20,,31
O1a,,,,,51.621244,-115.608378,2330.0,,,,,,109.0,,,0.35,60.0,20,,31
O1a,,,,,51.621244,-115.608378,2318.0,,,,,,93.0,,,0.35,60.0,20,,31
O1a,,,,,51.621244,-115.608378,2301.0,,,,,,86.0,,,0.35,60.0,20,,31
O1a,,,,,51.621244,-115.608378,2283.0,,,,,,84.0,,,0.35,60.0,20,,31
O1a,,,,,51.621244,-115.608378,2268.0,,,,,,82.0,,,0.35,60.0,20,,31
O1a,,,,,51.621244,-115.608378,2238.0,,,,,,71.0,,,0.35,60.0,20,,31
NF,,,,,51.621244,-115.608378,2195.0,,,,,,51.0,,,,,20,,101
NF,,,,,51.621244,-115.608378,2170.0,,,,,,19.0,,,,,20,,101
NF,,,,,51.621244,-115.608378,2177.0,,,,,,11.0,,,,,20,,101
NF,,,,,51.621244,-115.608378,2167.0,,,,,,36.0,,,,,20,,101
NF,,,,,51.621244,-115.608378,2127.0,,,,,,58.0,,,,,20,,101
C2,,,,,51.621244,-115.608378,2085.0,,,,,,93.0,,,0.8,,20,,2
C2,,,,,51.621244,-115.608378,2089.0,,,,,,205.0,,,0.8,,20,,2
C2,,,,,51.621244,-115.608378,2112.0,,,,,,217.0,,,0.8,,20,,2
C2,,,,,51.621244,-115.608378,2141.0,,,,,,223.0,,,0.8,,20,,2
C2,,,,,51.621244,-115.608378,2187.0,,,,,,229.0,,,0.8,,20,,2
NF,,,,,51.621244,-115.608378,2245.0,,,,,,214.0,,,,,20,,101
NF,,,,,51.621244,-115.608378,2225.0,,,,,,92.0,,,,,20,,101
NF,,,,,51.621244,-115.608378,2125.0,,,,,,87.0,,,,,20,,101
NF,,,,,51.621244,-115.608378,2058.0,,,,,,94.0,,,,,20,,101
C1,,,,,51.621244,-115.608378,2049.0,,,,,,132.0,,,0.75,,20,,1
C2,,,,,51.621244,-115.608378,2045.0,,,,,,135.0,,,0.8,,20,,2
C2,,,,,51.621244,-115.608378,2031.0,,,,,,129.0,,,0.8,,20,,2
C2,,,,,51.621244,-115.608378,2017.0,,,,,,134.0,,,0.8,,20,,2
C2,,,,,51.621244,-115.608378,2008.0,,,,,,139.0,,,0.8,,20,,2
C2,,,,,51.621244,-115.608378,2000.0,,,,,,142.0,,,0.8,,20,,2
C2,,,,,51.621244,-115.608378,1994.0,,,,,,138.0,,,0.8,,20,,2
C3,,,,,51.621244,-115.608378,1980.0,,,,,,150.0,,,1.15,,20,,3
C2,,,,,51.621244,-115.608378,1979.0,,,,,,178.0,,,0.8,,20,,2
C2,,,,,51.621244,-115.608378,2205.0,,,,,,186.0,,,0.8,,20,,2
C2,,,,,51.621244,-115.608378,2210.0,,,,,,169.0,,,0.8,,20,,2
C2,,,,,51.621244,-115.608378,2197.0,,,,,,179.0,,,0.8,,20,,2
C2,,,,,51.621244,-115.608378,2206.0,,,,,,223.0,,,0.8,,20,,2
O1a,,,,,51.621244,-115.608378,2234.0,,,,,,242.0,,,0.35,60.0,20,,31
C1,,,,,51.621244,-115.608378,2259.0,,,,,,241.0,,,0.75,,20,,1
O1a,,,,,51.621244,-115.608378,2282.0,,,,,,237.0,,,0.35,60.0,20,,31
O1a,,,,,51.621244,-115.608378,2303.0,,,,,,234.0,,,0.35,60.0,20,,31
O1a,,,,,51.621244,-115.608378,2318.0,,,,,,226.0,,,0.35,60.0,20,,31
O1a,,,,,51.621244,-115.608378,2326.0,,,,,,209.0,,,0.35,60.0,20,,31
O1a,,,,,51.621244,-115.608378,2328.0,,,,,,185.0,,,0.35,60.0,20,,31
O1a,,,,,51.621244,-115.608378,2327.0,,,,,,130.0,,,0.35,60.0,20,,31
O1a,,,,,51.621244,-115.608378,2318.0,,,,,,93.0,,,0.35,60.0,20,,31
O1a,,,,,51.621244,-115.608378,2303.0,,,,,,81.0,,,0.35,60.0,20,,31
O1a,,,,,51.621244,-115.608378,2286.0,,,,,,74.0,,,0.35,60.0,20,,31
O1a,,,,,51.621244,-115.608378,2271.0,,,,,,66.0,,,0.35,60.0,20,,31
O1a,,,,,51.621244,-115.608378,2256.0,,,,,,54.0,,,0.35,60.0,20,,31
O1a,,,,,51.621244,-115.608378,2240.0,,,,,,39.0,,,0.35,60.0,20,,31
O1a,,,,,51.621244,-115.608378,2226.0,,,,,,20.0,,,0.35,60.0,20,,31
O1a,,,,,51.621244,-115.608378,2222.0,,,,,,12.0,,,0.35,60.0,20,,31
O1a,,,,,51.621244,-115.608378,2207.0,,,,,,49.0,,,0.35,60.0,20,,31
O1a,,,,,51.621244,-115.608378,2150.0,,,,,,68.0,,,0.35,60.0,20,,31
C2,,,,,51.621244,-115.608378,2091.0,,,,,,80.0,,,0.8,,20,,2
C2,,,,,51.621244,-115.608378,2066.0,,,,,,149.0,,,0.8,,20,,2
C2,,,,,51.621244,-115.608378,2074.0,,,,,,209.0,,,0.8,,20,,2
C2,,,,,51.621244,-115.608378,2103.0,,,,,,224.0,,,0.8,,20,,2
C2,,,,,51.621244,-115.608378,2146.0,,,,,,233.0,,,0.8,,20,,2
C2,,,,,51.621244,-115.608378,2207.0,,,,,,231.0,,,0.8,,20,,2
NF,,,,,51.621244,-115.608378,2227.0,,,,,,105.0,,,,,20,,101
O1a,,,,,51.621244,-115.608378,2140.0,,,,,,88.0,,,0.35,60.0,20,,31
NF,,,,,51.621244,-115.608378,2057.0,,,,,,93.0,,,,,20,,101
C1,,,,,51.621244,-115.608378,2042.0,,,,,,130.0,,,0.75,,20,,1
C2,,,,,51.621244,-115.608378,2030.0,,,,,,147.0,,,0.8,,20,,2
C2,,,,,51.621244,-115.608378,2023.0,,,,,,135.0,,,0.8,,20,,2
C2,,,,,51.621244,-115.608378,2009.0,,,,,,133.0,,,0.8,,20,,2
C2,,,,,51.621244,-115.608378,1999.0,,,,,,146.0,,,0.8,,20,,2
C3,,,,,51.621244,-115.608378,1992.0,,,,,,146.0,,,1.15,,20,,3
C2,,,,,51.621244,-115.608378,1981.0,,,,,,133.0,,,0.8,,20,,2
C2,,,,,51.621244,-115.608378,1965.0,,,,,,151.0,,,0.8,,20,,2
C2,,,,,51.621244,-115.608378,1967.0,,,,,,184.0,,,0.8,,20,,2
C2,,,,,51.621244,-115.608378,2190.0,,,,,,182.0,,,0.8,,20,,2
C2,,,,,51.621244,-115.608378,2190.0,,,,,,160.0,,,0.8,,20,,2
C2,,,,,51.621244,-115.608378,2169.0,,,,,,183.0,,,0.8,,20,,2
O1a,,,,,51.621244,-115.608378,2192.0,,,,,,235.0,,,0.35,60.0,20,,31
C1,,,,,51.621244,-115.608378,2224.0,,,,,,241.0,,,0.75,,20,,1
C1,,,,,51.621244,-115.608378,2247.0,,,,,,235.0,,,0.75,,20,,1
C1,,,,,51.621244,-115.608378,2269.0,,,,,,231.0,,,0.75,,20,,1
O1a,,,,,51.621244,-115.608378,2289.0,,,,,,225.0,,,0.35,60.0,20,,31
O1a,,,,,51.621244,-115.608378,2306.0,,,,,,218.0,,,0.35,60.0,20,,31
O1a,,,,,51.621244,-115.608378,2315.0,,,,,,210.0,,,0.35,60.0,20,,31
O1a,,,,,51.621244,-115.608378,2319.0,,,,,,205.0,,,0.35,60.0,20,,31
O1a,,,,,51.621244,-115.608378,2322.0,,,,,,164.0,,,0.35,60.0,20,,31
O1a,,,,,51.621244,-115.608378,2317.0,,,,,,101.0,,,0.35,60.0,20,,31
O1a,,,,,51.621244,-115.608378,2306.0,,,,,,80.0,,,0.35,60.0,20,,31
O1a,,,,,51.621244,-115.608378,2292.0,,,,,,66.0,,,0.35,60.0,20,,31
O1a,,,,,51.621244,-115.608378,2279.0,,,,,,57.0,,,0.35,60.0,20,,31
O1a,,,,,51.621244,-115.608378,2265.0,,,,,,59.0,,,0.35,60.0,20,,31
O1a,,,,,51.621244,-115.608378,2249.0,,,,,,69.0,,,0.35,60.0,20,,31
O1a,,,,,51.621244,-115.608378,2231.0,,,,,,82.0,,,0.35,60.0,20,,31
O1a,,,,,51.621244,-115.608378,2221.0,,,,,,98.0,,,0.35,60.0,20,,31
O1a,,,,,51.621244,-115.608378,2225.0,,,,,,87.0,,,0.35,60.0,20,,31
O1a,,,,,51.621244,-115.608378,2173.0,,,,,,85.0,,,0.35,60.0,20,,31
NF,,,,,51.621244,-115.608378,2103.0,,,,,,86.0,,,,,20,,101
C2,,,,,51.621244,-115.608378,2059.0,,,,,,100.0,,,0.8,,20,,2
C2,,,,,51.621244,-115.608378,2044.0,,,,,,193.0,,,0.8,,20,,2
C2,,,,,51.621244,-115.608378,2069.0,,,,,,225.0,,,0.8,,20,,2
C2,,,,,51.621244,-115.608378,2109.0,,,,,,232.0,,,0.8,,20,,2
C2,,,,,51.621244,-115.608378,2166.0,,,,,,232.0,,,0.8,,20,,2
NF,,,,,51.621244,-115.608378,2217.0,,,,,,152.0,,,,,20,,101
NF,,,,,51.621244,-115.608378,2141.0,,,,,,97.0,,,,,20,,101
NF,,,,,51.621244,-115.608378,2053.0,,,,,,95.0,,,,,20,,101
C1,,,,,51.621244,-115.608378,2021.0,,,,,,119.0,,,0.75,,20,,1
C1,,,,,51.621244,-115.608378,2017.0,,,,,,150.0,,,0.75,,20,,1
C2,,,,,51.621244,-115.608378,2010.0,,,,,,117.0,,,0.8,,20,,2
C2,,,,,51.621244,-115.608378,1993.0,,,,,,123.0,,,0.8,,20,,2
C2,,,,,51.621244,-115.608378,1982.0,,,,,,148.0,,,0.8,,20,,2
C2,,,,,51.621244,-115.608378,1978.0,,,,,,158.0,,,0.8,,20,,2
C2,,,,,51.621244,-115.608378,1971.0,,,,,,137.0,,,0.8,,20,,2
C2,,,,,51.621244,-115.608378,1948.0,,,,,,151.0,,,0.8,,20,,2
C2,,,,,51.621244,-115.608378,1953.0,,,,,,189.0,,,0.8,,20,,2
C2,,,,,51.621244,-115.608378,2162.0,,,,,,180.0,,,0.8,,20,,2
C2,,,,,51.621244,-115.608378,2164.0,,,,,,163.0,,,0.8,,20,,2
C2,,,,,51.621244,-115.608378,2148.0,,,,,,193.0,,,0.8,,20,,2
O1a,,,,,51.621244,-115.608378,2175.0,,,,,,234.0,,,0.35,60.0,20,,31
O1a,,,,,51.621244,-115.608378,2206.0,,,,,,230.0,,,0.35,60.0,20,,31
C2,,,,,51.621244,-115.608378,2228.0,,,,,,223.0,,,0.8,,20,,2
C2,,,,,51.621244,-115.608378,2248.0,,,,,,223.0,,,0.8,,20,,2
C1,,,,,51.621244,-115.608378,2267.0,,,,,,224.0,,,0.75,,20,,1
O1a,,,,,51.621244,-115.608378,2283.0,,,,,,224.0,,,0.35,60.0,20,,31
O1a,,,,,51.621244,-115.608378,2298.0,,,,,,229.0,,,0.35,60.0,20,,31
O1a,,,,,51.621244,-115.608378,2311.0,,,,,,231.0,,,0.35,60.0,20,,31
O1a,,,,,51.621244,-115.608378,2317.0,,,,,,194.0,,,0.35,60.0,20,,31
O1a,,,,,51.621244,-115.608378,2314.0,,,,,,111.0,,,0.35,60.0,20,,31
O1a,,,,,51.621244,-115.608378,2307.0,,,,,,84.0,,,0.35,60.0,20,,31
O1a,,,,,51.621244,-115.608378,2298.0,,,,,,68.0,,,0.35,60.0,20,,31
O1a,,,,,51.621244,-115.608378,2289.0,,,,,,61.0,,,0.35,60.0,20,,31
O1a,,,,,51.621244,-115.608378,2276.0,,,,,,63.0,,,0.35,60.0,20,,31
O1a,,,,,51.621244,-115.608378,2255.0,,,,,,69.0,,,0.35,60.0,20,,31
O1a,,,,,51.621244,-115.608378,2230.0,,,,,,78.0,,,0.35,60.0,20,,31
O1a,,,,,51.621244,-115.608378,2215.0,,,,,,110.0,,,0.35,60.0,20,,31
C1,,,,,51.621244,-115.608378,2209.0,,,,,,114.0,,,0.75,,20,,1
O1a,,,,,51.621244,-115.608378,2163.0,,,,,,102.0,,,0.35,60.0,20,,31
C2,,,,,51.621244,-115.608378,2097.0,,,,,,95.0,,,0.8,,20,,2
C2,,,,,51.621244,-115.608378,2063.0,,,,,,90.0,,,0.8,,20,,2
C2,,,,,51.621244,-115.608378,2036.0,,,,,,122.0,,,0.8,,20,,2
C2,,,,,51.621244,-115.608378,2041.0,,,,,,225.0,,,0.8,,20,,2
C2,,,,,51.621244,-115.608378,2074.0,,,,,,231.0,,,0.8,,20,,2
C2,,,,,51.621244,-115.608378,2125.0,,,,,,227.0,,,0.8,,20,,2
NF,,,,,51.621244,-115.608378,2166.0,,,,,,180.0,,,,,20,,101
NF,,,,,51.621244,-115.608378,2129.0,,,,,,113.0,,,,,20,,101
NF,,,,,51.621244,-115.608378,2055.0,,,,,,99.0,,,,,20,,101
NF,,,,,51.621244,-115.608378,2010.0,,,,,,106.0,,,,,20,,101
C2,,,,,51.621244,-115.608378,2018.0,,,,,,169.0,,,0.8,,20,,2
C2,,,,,51.621244,-115.608378,2014.0,,,,,,103.0,,,0.8,,20,,2
C2,,,,,51.621244,-115.608378,1987.0,,,,,,104.0,,,0.8,,20,,2
C2,,,,,51.621244,-115.608378,1965.0,,,,,,128.0,,,0.8,,20,,2
C2,,,,,51.621244,-115.608378,1958.0,,,,,,155.0,,,0.8,,20,,2
C2,,,,,51.621244,-115.608378,1953.0,,,,,,143.0,,,0.8,,20,,2
C2,,,,,51.621244,-115.608378,1934.0,,,,,,158.0,,,0.8,,20,,2
C2,,,,,51.621244,-115.608378,1941.0,,,,,,195.0,,,0.8,,20,,2
C2,,,,,51.621244,-115.608378,2138.0,,,,,,169.0,,,0.8,,20,,2
C2,,,,,51.621244,-115.608378,2135.0,,,,,,168.0,,,0.8,,20,,2
C2,,,,,51.621244,-115.608378,2125.0,,,,,,223.0,,,0.8,,20,,2
NF,,,,,51.621244,-115.608378,2155.0,,,,,,253.0,,,,,20,,101
C2,,,,,51.621244,-115.608378,2181.0,,,,,,243.0,,,0.8,,20,,2
C2,,,,,51.621244,-115.608378,2200.0,,,,,,238.0,,,0.8,,20,,2
C2,,,,,51.621244,-115.608378,2223.0,,,,,,242.0,,,0.8,,20,,2
C1,,,,,51.621244,-115.608378,2250.0,,,,,,245.0,,,0.75,,20,,1
O1a,,,,,51.621244,-115.608378,2271.0,,,,,,249.0,,,0.35,60.0,20,,31
O1a,,,,,51.621244,-115.608378,2292.0,,,,,,253.0,,,0.35,60.0,20,,31
O1a,,,,,51.621244,-115.608378,2308.0,,,,,,250.0,,,0.35,60.0,20,,31
O1a,,,,,51.621244,-115.608378,2314.0,,,,,,211.0,,,0.35,60.0,20,,31
O1a,,,,,51.621244,-115.608378,2312.0,,,,,,122.0,,,0.35,60.0,20,,31
O1a,,,,,51.621244,-115.608378,2307.0,,,,,,88.0,,,0.35,60.0,20,,31
O1a,,,,,51.621244,-115.608378,2301.0,,,,,,74.0,,,0.35,60.0,20,,31
O1a,,,,,51.621244,-115.608378,2291.0,,,,,,76.0,,,0.35,60.0,20,,31
O1a,,,,,51.621244,-115.608378,2281.0,,,,,,73.0,,,0.35,60.0,20,,31
O1a,,,,,51.621244,-115.608378,2267.0,,,,,,68.0,,,0.35,60.0,20,,31
O1a,,,,,51.621244,-115.608378,2240.0,,,,,,69.0,,,0.35,60.0,20,,31
O1a,,,,,51.621244,-115.608378,2216.0,,,,,,79.0,,,0.35,60.0,20,,31
C1,,,,,51.621244,-115.608378,2190.0,,,,,,90.0,,,0.75,,20,,1
C1,,,,,51.621244,-115.608378,2146.0,,,,,,82.0,,,0.75,,20,,1
NF,,,,,51.621244,-115.608378,2097.0,,,,,,73.0,,,,,20,,101
NF,,,,,51.621244,-115.608378,2062.0,,,,,,71.0,,,,,20,,101
C2,,,,,51.621244,-115.608378,2041.0,,,,,,81.0,,,0.8,,20,,2
C2,,,,,51.621244,-115.608378,2031.0,,,,,,201.0,,,0.8,,20,,2
C2,,,,,51.621244,-115.608378,2045.0,,,,,,227.0,,,0.8,,20,,2
C2,,,,,51.621244,-115.608378,2082.0,,,,,,219.0,,,0.8,,20,,2
C2,,,,,51.621244,-115.608378,2114.0,,,,,,188.0,,,0.8,,20,,2
NF,,,,,51.621244,-115.608378,2099.0,,,,,,133.0,,,,,20,,101
NF,,,,,51.621244,-115.608378,2044.0,,,,,,111.0,,,,,20,,101
C2,,,,,51.621244,-115.608378,2008.0,,,,,,121.0,,,0.8,,20,,2
C2,,,,,51.621244,-115.608378,2009.0,,,,,,176.0,,,0.8,,20,,2
C2,,,,,51.621244,-115.608378,2005.0,,,,,,125.0,,,0.8,,20,,2
C2,,,,,51.621244,-115.608378,1985.0,,,,,,105.0,,,0.8,,20,,2
C2,,,,,51.621244,-115.608378,1958.0,,,,,,111.0,,,0.8,,20,,2
C2,,,,,51.621244,-115.608378,1943.0,,,,,,137.0,,,0.8,,20,,2
C2,,,,,51.621244,-115.608378,1934.0,,,,,,144.0,,,0.8,,20,,2
C2,,,,,51.621244,-115.608378,1920.0,,,,,,172.0,,,0.8,,20,,2
C2,,,,,51.621244,-115.608378,1929.0,,,,,,201.0,,,0.8,,20,,2
C2,,,,,51.621244,-115.608378,2124.0,,,,,,158.0,,,0.8,,20,,2
C2,,,,,51.621244,-115.608378,2094.0,,,,,,186.0,,,0.8,,20,,2
C2,,,,,51.621244,-115.608378,2123.0,,,,,,258.0,,,0.8,,20,,2
C2,,,,,51.621244,-115.608378,2166.0,,,,,,274.0,,,0.8,,20,,2
C2,,,,,51.621244,-115.608378,2181.0,,,,,,278.0,,,0.8,,20,,2
C1,,,,,51.621244,-115.608378,2199.0,,,,,,276.0,,,0.75,,20,,1
C2,,,,,51.621244,-115.608378,2225.0,,,,,,268.0,,,0.8,,20,,2
C1,,,,,51.621244,-115.608378,2246.0,,,,,,256.0,,,0.75,,20,,1
C1,,,,,51.621244,-115.608378,2268.0,,,,,,250.0,,,0.75,,20,,1
O1a,,,,,51.621244,-115.608378,2289.0,,,,,,245.0,,,0.35,60.0,20,,31
O1a,,,,,51.621244,-115.608378,2304.0,,,,,,236.0,,,0.35,60.0,20,,31
O1a,,,,,51.621244,-115.608378,2310.0,,,,,,211.0,,,0.35,60.0,20,,31
O1a,,,,,51.621244,-115.608378,2309.0,,,,,,163.0,,,0.35,60.0,20,,31
O1a,,,,,51.621244,-115.608378,2307.0,,,,,,81.0,,,0.35,60.0,20,,31
O1a,,,,,51.621244,-115.608378,2304.0,,,,,,61.0,,,0.35,60.0,20,,31
O1a,,,,,51.621244,-115.608378,2294.0,,,,,,71.0,,,0.35,60.0,20,,31
O1a,,,,,51.621244,-115.608378,2280.0,,,,,,80.0,,,0.35,60.0,20,,31
O1a,,,,,51.621244,-115.608378,2272.0,,,,,,79.0,,,0.35,60.0,20,,31
O1a,,,,,51.621244,-115.608378,2252.0,,,,,,73.0,,,0.35,60.0,20,,31
O1a,,,,,51.621244,-115.608378,2225.0,,,,,,69.0,,,0.35,60.0,20,,31
O1a,,,,,51.621244,-115.608378,2199.0,,,,,,64.0,,,0.35,60.0,20,,31
O1a,,,,,51.621244,-115.608378,2171.0,,,,,,52.0,,,0.35,60.0,20,,31
C2,,,,,51.621244,-115.608378,2136.0,,,,,,51.0,,,0.8,,20,,2
NF,,,,,51.621244,-115.608378,2084.0,,,,,,58.0,,,,,20,,101
NF,,,,,51.621244,-115.608378,2045.0,,,,,,73.0,,,,,20,,101
C2,,,,,51.621244,-115.608378,2023.0,,,,,,123.0,,,0.8,,20,,2
C2,,,,,51.621244,-115.608378,2028.0,,,,,,220.0,,,0.8,,20,,2
C2,,,,,51.621244,-115.608378,2046.0,,,,,,206.0,,,0.8,,20,,2
C2,,,,,51.621244,-115.608378,2057.0,,,,,,185.0,,,0.8,,20,,2
C2,,,,,51.621244,-115.608378,2063.0,,,,,,154.0,,,0.8,,20,,2
C2,,,,,51.621244,-115.608378,2023.0,,,,,,129.0,,,0.8,,20,,2
C2,,,,,51.621244,-115.608378,1995.0,,,,,,141.0,,,0.8,,20,,2
C2,,,,,51.621244,-115.608378,1998.0,,,,,,172.0,,,0.8,,20,,2
C2,,,,,51.621244,-115.608378,1993.0,,,,,,139.0,,,0.8,,20,,2
C2,,,,,51.621244,-115.608378,1978.0,,,,,,114.0,,,0.8,,20,,2
C2,,,,,51.621244,-115.608378,1951.0,,,,,,111.0,,,0.8,,20,,2
C2,,,,,51.621244,-115.608378,1931.0,,,,,,124.0,,,0.8,,20,,2
C2,,,,,51.621244,-115.608378,1913.0,,,,,,140.0,,,0.8,,20,,2
C2,,,,,51.621244,-115.608378,1905.0,,,,,,187.0,,,0.8,,20,,2
C2,,,,,51.621244,-115.608378,1918.0,,,,,,206.0,,,0.8,,20,,2
C2,,,,,51.621244,-115.608378,2092.0,,,,,,171.0,,,0.8,,20,,2
C2,,,,,51.621244,-115.608378,2079.0,,,,,,230.0,,,0.8,,20,,2
C2,,,,,51.621244,-115.608378,2124.0,,,,,,266.0,,,0.8,,20,,2
C1,,,,,51.621244,-115.608378,2163.0,,,,,,269.0,,,0.75,,20,,1
C1,,,,,51.621244,-115.608378,2185.0,,,,,,271.0,,,0.75,,20,,1
O1a,,,,,51.621244,-115.608378,2207.0,,,,,,271.0,,,0.35,60.0,20,,31
C1,,,,,51.621244,-115.608378,2223.0,,,,,,253.0,,,0.75,,20,,1
C1,,,,,51.621244,-115.608378,2237.0,,,,,,240.0,,,0.75,,20,,1
C1,,,,,51.621244,-115.608378,2256.0,,,,,,236.0,,,0.75,,20,,1
C1,,,,,51.621244,-115.608378,2275.0,,,,,,234.0,,,0.75,,20,,1
O1a,,,,,51.621244,-115.608378,2292.0,,,,,,231.0,,,0.35,60.0,20,,31
O1a,,,,,51.621244,-115.608378,2302.0,,,,,,226.0,,,0.35,60.0,20,,31
O1a,,,,,51.621244,-115.608378,2306.0,,,,,,227.0,,,0.35,60.0,20,,31
O1a,,,,,51.621244,-115.608378,2308.0,,,,,,65535.0,,,0.35,60.0,20,,31
O1a,,,,,51.621244,-115.608378,2308.0,,,,,,49.0,,,0.35,60.0,20,,31
O1a,,,,,51.621244,-115.608378,2302.0,,,,,,65.0,,,0.35,60.0,20,,31
O1a,,,,,51.621244,-115.608378,2283.0,,,,,,74.0,,,0.35,60.0,20,,31
O1a,,,,,51.621244,-115.608378,2269.0,,,,,,81.0,,,0.35,60.0,20,,31
O1a,,,,,51.621244,-115.608378,2256.0,,,,,,79.0,,,0.35,60.0,20,,31
O1a,,,,,51.621244,-115.608378,2235.0,,,,,,72.0,,,0.35,60.0,20,,31
O1a,,,,,51.621244,-115.608378,2210.0,,,,,,66.0,,,0.35,60.0,20,,31
O1a,,,,,51.621244,-115.608378,2193.0,,,,,,58.0,,,0.35,60.0,20,,31
C1,,,,,51.621244,-115.608378,2176.0,,,,,,62.0,,,0.75,,20,,1
C2,,,,,51.621244,-115.608378,2122.0,,,,,,69.0,,,0.8,,20,,2
NF,,,,,51.621244,-115.608378,2057.0,,,,,,77.0,,,,,20,,101
C2,,,,,51.621244,-115.608378,2014.0,,,,,,96.0,,,0.8,,20,,2
C2,,,,,51.621244,-115.608378,2018.0,,,,,,191.0,,,0.8,,20,,2
C2,,,,,51.621244,-115.608378,2025.0,,,,,,179.0,,,0.8,,20,,2
C2,,,,,51.621244,-115.608378,2011.0,,,,,,174.0,,,0.8,,20,,2
C2,,,,,51.621244,-115.608378,2010.0,,,,,,165.0,,,0.8,,20,,2
C2,,,,,51.621244,-115.608378,1995.0,,,,,,149.0,,,0.8,,20,,2
C2,,,,,51.621244,-115.608378,1984.0,,,,,,161.0,,,0.8,,20,,2
C2,,,,,51.621244,-115.608378,1985.0,,,,,,168.0,,,0.8,,20,,2
C2,,,,,51.621244,-115.608378,1978.0,,,,,,148.0,,,0.8,,20,,2
C2,,,,,51.621244,-115.608378,1968.0,,,,,,128.0,,,0.8,,20,,2
C2,,,,,51.621244,-115.608378,1941.0,,,,,,116.0,,,0.8,,20,,2
C2,,,,,51.621244,-115.608378,1920.0,,,,,,117.0,,,0.8,,20,,2
C2,,,,,51.621244,-115.608378,1898.0,,,,,,133.0,,,0.8,,20,,2
C2,,,,,51.621244,-115.608378,1898.0,,,,,,198.0,,,0.8,,20,,2
C2,,,,,51.621244,-115.608378,1907.0,,,,,,201.0,,,0.8,,20,,2
C2,,,,,51.621244,-115.608378,2049.0,,,,,,193.0,,,0.8,,20,,2
C2,,,,,51.621244,-115.608378,2069.0,,,,,,252.0,,,0.8,,20,,2
C2,,,,,51.621244,-115.608378,2129.0,,,,,,266.0,,,0.8,,20,,2
C1,,,,,51.621244,-115.608378,2160.0,,,,,,264.0,,,0.75,,20,,1
C1,,,,,51.621244,-115.608378,2183.0,,,,,,256.0,,,0.75,,20,,1
O1a,,,,,51.621244,-115.608378,2205.0,,,,,,250.0,,,0.35,60.0,20,,31
C1,,,,,51.621244,-115.608378,2214.0,,,,,,234.0,,,0.75,,20,,1
C1,,,,,51.621244,-115.608378,2225.0,,,,,,233.0,,,0.75,,20,,1
C1,,,,,51.621244,-115.608378,2242.0,,,,,,236.0,,,0.75,,20,,1
O1a,,,,,51.621244,-115.608378,2261.0,,,,,,238.0,,,0.35,60.0,20,,31
O1a,,,,,51.621244,-115.608378,2281.0,,,,,,239.0,,,0.35,60.0,20,,31
O1a,,,,,51.621244,-115.608378,2296.0,,,,,,241.0,,,0.35,60.0,20,,31
O1a,,,,,51.621244,-115.608378,2305.0,,,,,,246.0,,,0.35,60.0,20,,31
O1a,,,,,51.621244,-115.608378,2309.0,,,,,,236.0,,,0.35,60.0,20,,31
O1a,,,,,51.621244,-115.608378,2308.0,,,,,,99.0,,,0.35,60.0,20,,31
O1a,,,,,51.621244,-115.608378,2307.0,,,,,,72.0,,,0.35,60.0,20,,31
O1a,,,,,51.621244,-115.608378,2291.0,,,,,,69.0,,,0.35,60.0,20,,31
O1a,,,,,51.621244,-115.608378,2272.0,,,,,,70.0,,,0.35,60.0,20,,31
O1a,,,,,51.621244,-115.608378,2258.0,,,,,,71.0,,,0.35,60.0,20,,31
O1a,,,,,51.621244,-115.608378,2241.0,,,,,,68.0,,,0.35,60.0,20,,31
O1a,,,,,51.621244,-115.608378,2220.0,,,,,,71.0,,,0.35,60.0,20,,31
C1,,,,,51.621244,-115.608378,2194.0,,,,,,85.0,,,0.75,,20,,1
O1a,,,,,51.621244,-115.608378,2176.0,,,,,,97.0,,,0.35,60.0,20,,31
C2,,,,,51.621244,-115.608378,2133.0,,,,,,93.0,,,0.8,,20,,2
C2,,,,,51.621244,-115.608378,2067.0,,,,,,87.0,,,0.8,,20,,2
C2,,,,,51.621244,-115.608378,2017.0,,,,,,90.0,,,0.8,,20,,2
C2,,,,,51.621244,-115.608378,2001.0,,,,,,140.0,,,0.8,,20,,2
C2,,,,,51.621244,-115.608378,1994.0,,,,,,161.0,,,0.8,,20,,2
C2,,,,,51.621244,-115.608378,1984.0,,,,,,159.0,,,0.8,,20,,2
C2,,,,,51.621244,-115.608378,1978.0,,,,,,161.0,,,0.8,,20,,2
C2,,,,,51.621244,-115.608378,1971.0,,,,,,158.0,,,0.8,,20,,2
C2,,,,,51.621244,-115.608378,1969.0,,,,,,173.0,,,0.8,,20,,2
C2,,,,,51.621244,-115.608378,1971.0,,,,,,165.0,,,0.8,,20,,2
C2,,,,,51.621244,-115.608378,1959.0,,,,,,145.0,,,0.8,,20,,2
O1a,,,,,51.621244,-115.608378,1948.0,,,,,,133.0,,,0.35,60.0,20,,31
O1a,,,,,51.621244,-115.608378,1930.0,,,,,,120.0,,,0.35,60.0,20,,31
O1a,,,,,51.621244,-115.608378,1912.0,,,,,,112.0,,,0.35,60.0,20,,31
C2,,,,,51.621244,-115.608378,1886.0,,,,,,127.0,,,0.8,,20,,2
C2,,,,,51.621244,-115.608378,1887.0,,,,,,196.0,,,0.8,,20,,2
C2,,,,,51.621244,-115.608378,1893.0,,,,,,193.0,,,0.8,,20,,2
C3,,,,,51.621244,-115.608378,2047.0,,,,,,223.0,,,1.15,,20,,3
O1a,,,,,51.621244,-115.608378,2058.0,,,,,,255.0,,,0.35,60.0,20,,31
C2,,,,,51.621244,-115.608378,2127.0,,,,,,259.0,,,0.8,,20,,2
O1a,,,,,51.621244,-115.608378,2158.0,,,,,,255.0,,,0.35,60.0,20,,31
O1a,,,,,51.621244,-115.608378,2173.0,,,,,,244.0,,,0.35,60.0,20,,31
C1,,,,,51.621244,-115.608378,2196.0,,,,,,237.0,,,0.75,,20,,1
C1,,,,,51.621244,-115.608378,2208.0,,,,,,229.0,,,0.75,,20,,1
C1,,,,,51.621244,-115.608378,2215.0,,,,,,231.0,,,0.75,,20,,1
C1,,,,,51.621244,-115.608378,2231.0,,,,,,236.0,,,0.75,,20,,1
C1,,,,,51.621244,-115.608378,2250.0,,,,,,238.0,,,0.75,,20,,1
O1a,,,,,51.621244,-115.608378,2271.0,,,,,,237.0,,,0.35,60.0,20,,31
O1a,,,,,51.621244,-115.608378,2289.0,,,,,,236.0,,,0.35,60.0,20,,31
O1a,,,,,51.621244,-115.608378,2302.0,,,,,,234.0,,,0.35,60.0,20,,31
O1a,,,,,51.621244,-115.608378,2307.0,,,,,,214.0,,,0.35,60.0,20,,31
O1a,,,,,51.621244,-115.608378,2306.0,,,,,,164.0,,,0.35,60.0,20,,31
O1a,,,,,51.621244,-115.608378,2305.0,,,,,,101.0,,,0.35,60.0,20,,31
O1a,,,,,51.621244,-115.608378,2300.0,,,,,,74.0,,,0.35,60.0,20,,31
O1a,,,,,51.621244,-115.608378,2279.0,,,,,,67.0,,,0.35,60.0,20,,31
O1a,,,,,51.621244,-115.608378,2264.0,,,,,,63.0,,,0.35,60.0,20,,31
O1a,,,,,51.621244,-115.608378,2251.0,,,,,,65.0,,,0.35,60.0,20,,31
O1a,,,,,51.621244,-115.608378,2230.0,,,,,,72.0,,,0.35,60.0,20,,31
C1,,,,,51.621244,-115.608378,2199.0,,,,,,85.0,,,0.75,,20,,1
O1a,,,,,51.621244,-115.608378,2160.0,,,,,,98.0,,,0.35,60.0,20,,31
C2,,,,,51.621244,-115.608378,2113.0,,,,,,97.0,,,0.8,,20,,2
C2,,,,,51.621244,-115.608378,2064.0,,,,,,84.0,,,0.8,,20,,2
C2,,,,,51.621244,-115.608378,2026.0,,,,,,74.0,,,0.8,,20,,2
C2,,,,,51.621244,-115.608378,1985.0,,,,,,79.0,,,0.8,,20,,2
C2,,,,,51.621244,-115.608378,1980.0,,,,,,115.0,,,0.8,,20,,2
C2,,,,,51.621244,-115.608378,1973.0,,,,,,142.0,,,0.8,,20,,2
C2,,,,,51.621244,-115.608378,1966.0,,,,,,142.0,,,0.8,,20,,2
C2,,,,,51.621244,-115.608378,1960.0,,,,,,135.0,,,0.8,,20,,2
C2,,,,,51.621244,-115.608378,1953.0,,,,,,162.0,,,0.8,,20,,2
C2,,,,,51.621244,-115.608378,1955.0,,,,,,165.0,,,0.8,,20,,2
C2,,,,,51.621244,-115.608378,1949.0,,,,,,139.0,,,0.8,,20,,2
C2,,,,,51.621244,-115.608378,1934.0,,,,,,127.0,,,0.8,,20,,2
O1a,,,,,51.621244,-115.608378,1921.0,,,,,,118.0,,,0.35,60.0,20,,31
O1a,,,,,51.621244,-115.608378,1905.0,,,,,,104.0,,,0.35,60.0,20,,31
O1a,,,,,51.621244,-115.608378,1877.0,,,,,,111.0,,,0.35,60.0,20,,31
C1,,,,,51.621244,-115.608378,1877.0,,,,,,184.0,,,0.75,,20,,1
C1,,,,,51.621244,-115.608378,1880.0,,,,,,189.0,,,0.75,,20,,1
C3,,,,,51.621244,-115.608378,2044.0,,,,,,179.0,,,1.15,,20,,3
C2,,,,,51.621244,-115.608378,2042.0,,,,,,243.0,,,0.8,,20,,2
C2,,,,,51.621244,-115.608378,2107.0,,,,,,249.0,,,0.8,,20,,2
C2,,,,,51.621244,-115.608378,2153.0,,,,,,242.0,,,0.8,,20,,2
O1a,,,,,51.621244,-115.608378,2165.0,,,,,,231.0,,,0.35,60.0,20,,31
O1a,,,,,51.621244,-115.608378,2178.0,,,,,,235.0,,,0.35,60.0,20,,31
O1a,,,,,51.621244,-115.608378,2200.0,,,,,,235.0,,,0.35,60.0,20,,31
C1,,,,,51.621244,-115.608378,2206.0,,,,,,232.0,,,0.75,,20,,1
C1,,,,,51.621244,-115.608378,2219.0,,,,,,236.0,,,0.75,,20,,1
C1,,,,,51.621244,-115.608378,2237.0,,,,,,233.0,,,0.75,,20,,1
C1,,,,,51.621244,-115.608378,2256.0,,,,,,230.0,,,0.75,,20,,1
C1,,,,,51.621244,-115.608378,2275.0,,,,,,228.0,,,0.75,,20,,1
O1a,,,,,51.621244,-115.608378,2292.0,,,,,,225.0,,,0.35,60.0,20,,31
O1a,,,,,51.621244,-115.608378,2302.0,,,,,,210.0,,,0.35,60.0,20,,31
O1a,,,,,51.621244,-115.608378,2303.0,,,,,,187.0,,,0.35,60.0,20,,31
O1a,,,,,51.621244,-115.608378,2302.0,,,,,,158.0,,,0.35,60.0,20,,31
O1a,,,,,51.621244,-115.608378,2299.0,,,,,,96.0,,,0.35,60.0,20,,31
O1a,,,,,51.621244,-115.608378,2289.0,,,,,,74.0,,,0.35,60.0,20,,31
O1a,,,,,51.621244,-115.608378,2271.0,,,,,,68.0,,,0.35,60.0,20,,31
O1a,,,,,51.621244,-115.608378,2258.0,,,,,,74.0,,,0.35,60.0,20,,31
O1a,,,,,51.621244,-115.608378,2236.0,,,,,,78.0,,,0.35,60.0,20,,31
O1a,,,,,51.621244,-115.608378,2207.0,,,,,,79.0,,,0.35,60.0,20,,31
O1a,,,,,51.621244,-115.608378,2157.0,,,,,,75.0,,,0.35,60.0,20,,31
C2,,,,,51.621244,-115.608378,2111.0,,,,,,61.0,,,0.8,,20,,2
C2,,,,,51.621244,-115.608378,2080.0,,,,,,47.0,,,0.8,,20,,2
O1a,,,,,51.621244,-115.608378,2046.0,,,,,,42.0,,,0.35,60.0,20,,31
C2,,,,,51.621244,-115.608378,2012.0,,,,,,43.0,,,0.8,,20,,2
C2,,,,,51.621244,-115.608378,1978.0,,,,,,48.0,,,0.8,,20,,2
C2,,,,,51.621244,-115.608378,1962.0,,,,,,55.0,,,0.8,,20,,2
C2,,,,,51.621244,-115.608378,1968.0,,,,,,98.0,,,0.8,,20,,2
C2,,,,,51.621244,-115.608378,1959.0,,,,,,122.0,,,0.8,,20,,2
C2,,,,,51.621244,-115.608378,1946.0,,,,,,147.0,,,0.8,,20,,2
C2,,,,,51.621244,-115.608378,1942.0,,,,,,165.0,,,0.8,,20,,2
C2,,,,,51.621244,-115.608378,1937.0,,,,,,146.0,,,0.8,,20,,2
C2,,,,,51.621244,-115.608378,1925.0,,,,,,125.0,,,0.8,,20,,2
O1a,,,,,51.621244,-115.608378,1914.0,,,,,,118.0,,,0.35,60.0,20,,31
O1a,,,,,51.621244,-115.608378,1903.0,,,,,,99.0,,,0.35,60.0,20,,31
O1a,,,,,51.621244,-115.608378,1878.0,,,,,,93.0,,,0.35,60.0,20,,31
C2,,,,,51.621244,-115.608378,1867.0,,,,,,136.0,,,0.8,,20,,2
C1,,,,,51.621244,-115.608378,1870.0,,,,,,180.0,,,0.75,,20,,1
C3,,,,,51.621244,-115.608378,2035.0,,,,,,153.0,,,1.15,,20,,3
C2,,,,,51.621244,-115.608378,2027.0,,,,,,228.0,,,0.8,,20,,2
C1,,,,,51.621244,-115.608378,2077.0,,,,,,240.0,,,0.75,,20,,1
C2,,,,,51.621244,-115.608378,2132.0,,,,,,235.0,,,0.8,,20,,2
C1,,,,,51.621244,-115.608378,2153.0,,,,,,232.0,,,0.75,,20,,1
O1a,,,,,51.621244,-115.608378,2166.0,,,,,,239.0,,,0.35,60.0,20,,31
C1,,,,,51.621244,-115.608378,2190.0,,,,,,243.0,,,0.75,,20,,1
C1,,,,,51.621244,-115.608378,2203.0,,,,,,238.0,,,0.75,,20,,1
C1,,,,,51.621244,-115.608378,2211.0,,,,,,234.0,,,0.75,,20,,1
C1,,,,,51.621244,-115.608378,2224.0,,,,,,229.0,,,0.75,,20,,1
C1,,,,,51.621244,-115.608378,2239.0,,,,,,226.0,,,0.75,,20,,1
C1,,,,,51.621244,-115.608378,2257.0,,,,,,225.0,,,0.75,,20,,1
O1a,,,,,51.621244,-115.608378,2276.0,,,,,,221.0,,,0.35,60.0,20,,31
O1a,,,,,51.621244,-115.608378,2288.0,,,,,,213.0,,,0.35,60.0,20,,31
O1a,,,,,51.621244,-115.608378,2294.0,,,,,,206.0,,,0.35,60.0,20,,31
O1a,,,,,51.621244,-115.608378,2297.0,,,,,,186.0,,,0.35,60.0,20,,31
O1a,,,,,51.621244,-115.608378,2295.0,,,,,,129.0,,,0.35,60.0,20,,31
O1a,,,,,51.621244,-115.608378,2290.0,,,,,,89.0,,,0.35,60.0,20,,31
O1a,,,,,51.621244,-115.608378,2278.0,,,,,,73.0,,,0.35,60.0,20,,31
O1a,,,,,51.621244,-115.608378,2260.0,,,,,,75.0,,,0.35,60.0,20,,31
O1a,,,,,51.621244,-115.608378,2238.0,,,,,,78.0,,,0.35,60.0,20,,31
O1a,,,,,51.621244,-115.608378,2214.0,,,,,,73.0,,,0.35,60.0,20,,31
C1,,,,,51.621244,-115.608378,2175.0,,,,,,60.0,,,0.75,,20,,1
C2,,,,,51.621244,-115.608378,2154.0,,,,,,43.0,,,0.8,,20,,2
C2,,,,,51.621244,-115.608378,2127.0,,,,,,34.0,,,0.8,,20,,2
C2,,,,,51.621244,-115.608378,2102.0,,,,,,34.0,,,0.8,,20,,2
C2,,,,,51.621244,-115.608378,2067.0,,,,,,42.0,,,0.8,,20,,2
O1a,,,,,51.621244,-115.608378,2019.0,,,,,,49.0,,,0.35,60.0,20,,31
C2,,,,,51.621244,-115.608378,1986.0,,,,,,51.0,,,0.8,,20,,2
C2,,,,,51.621244,-115.608378,1963.0,,,,,,63.0,,,0.8,,20,,2
C2,,,,,51.621244,-115.608378,1944.0,,,,,,76.0,,,0.8,,20,,2
C2,,,,,51.621244,-115.608378,1931.0,,,,,,80.0,,,0.8,,20,,2
C2,,,,,51.621244,-115.608378,1924.0,,,,,,115.0,,,0.8,,20,,2
C2,,,,,51.621244,-115.608378,1926.0,,,,,,141.0,,,0.8,,20,,2
C2,,,,,51.621244,-115.608378,1919.0,,,,,,138.0,,,0.8,,20,,2
C2,,,,,51.621244,-115.608378,1906.0,,,,,,137.0,,,0.8,,20,,2
C2,,,,,51.621244,-115.608378,1898.0,,,,,,124.0,,,0.8,,20,,2
C2,,,,,51.621244,-115.608378,1882.0,,,,,,107.0,,,0.8,,20,,2
C2,,,,,51.621244,-115.608378,1866.0,,,,,,98.0,,,0.8,,20,,2
C2,,,,,51.621244,-115.608378,1858.0,,,,,,132.0,,,0.8,,20,,2
C3,,,,,51.621244,-115.608378,2029.0,,,,,,127.0,,,1.15,,20,,3
C2,,,,,51.621244,-115.608378,2008.0,,,,,,211.0,,,0.8,,20,,2
C1,,,,,51.621244,-115.608378,2045.0,,,,,,239.0,,,0.75,,20,,1
C1,,,,,51.621244,-115.608378,2088.0,,,,,,240.0,,,0.75,,20,,1
C1,,,,,51.621244,-115.608378,2144.0,,,,,,243.0,,,0.75,,20,,1
C1,,,,,51.621244,-115.608378,2159.0,,,,,,243.0,,,0.75,,20,,1
C1,,,,,51.621244,-115.608378,2177.0,,,,,,242.0,,,0.75,,20,,1
C1,,,,,51.621244,-115.608378,2199.0,,,,,,230.0,,,0.75,,20,,1
C1,,,,,51.621244,-115.608378,2203.0,,,,,,218.0,,,0.75,,20,,1
C1,,,,,51.621244,-115.608378,2213.0,,,,,,220.0,,,0.75,,20,,1
C1,,,,,51.621244,-115.608378,2224.0,,,,,,220.0,,,0.75,,20,,1
C1,,,,,51.621244,-115.608378,2239.0,,,,,,223.0,,,0.75,,20,,1
C1,,,,,51.621244,-115.608378,2257.0,,,,,,224.0,,,0.75,,20,,1
O1a,,,,,51.621244,-115.608378,2272.0,,,,,,226.0,,,0.35,60.0,20,,31
O1a,,,,,51.621244,-115.608378,2285.0,,,,,,227.0,,,0.35,60.0,20,,31
O1a,,,,,51.621244,-115.608378,2292.0,,,,,,214.0,,,0.35,60.0,20,,31
O1a,,,,,51.621244,-115.608378,2292.0,,,,,,140.0,,,0.35,60.0,20,,31
O1a,,,,,51.621244,-115.608378,2287.0,,,,,,98.0,,,0.35,60.0,20,,31
O1a,,,,,51.621244,-115.608378,2283.0,,,,,,72.0,,,0.35,60.0,20,,31
O1a,,,,,51.621244,-115.608378,2268.0,,,,,,72.0,,,0.35,60.0,20,,31
O1a,,,,,51.621244,-115.608378,2243.0,,,,,,77.0,,,0.35,60.0,20,,31
O1a,,,,,51.621244,-115.608378,2222.0,,,,,,74.0,,,0.35,60.0,20,,31
C1,,,,,51.621244,-115.608378,2195.0,,,,,,61.0,,,0.75,,20,,1
O1a,,,,,51.621244,-115.608378,2170.0,,,,,,51.0,,,0.35,60.0,20,,31
C2,,,,,51.621244,-115.608378,2153.0,,,,,,47.0,,,0.8,,20,,2
C2,,,,,51.621244,-115.608378,2135.0,,,,,,50.0,,,0.8,,20,,2
C2,,,,,51.621244,-115.608378,2105.0,,,,,,62.0,,,0.8,,20,,2
C2,,,,,51.621244,-115.608378,2052.0,,,,,,71.0,,,0.8,,20,,2
C2,,,,,51.621244,-115.608378,1998.0,,,,,,74.0,,,0.8,,20,,2
C2,,,,,51.621244,-115.608378,1977.0,,,,,,69.0,,,0.8,,20,,2
C2,,,,,51.621244,-115.608378,1965.0,,,,,,58.0,,,0.8,,20,,2
C2,,,,,51.621244,-115.608378,1952.0,,,,,,55.0,,,0.8,,20,,2
C2,,,,,51.621244,-115.608378,1938.0,,,,,,69.0,,,0.8,,20,,2
C2,,,,,51.621244,-115.608378,1911.0,,,,,,92.0,,,0.8,,20,,2
C2,,,,,51.621244,-115.608378,1902.0,,,,,,111.0,,,0.8,,20,,2
C2,,,,,51.621244,-115.608378,1890.0,,,,,,113.0,,,0.8,,20,,2
C2,,,,,51.621244,-115.608378,1883.0,,,,,,99.0,,,0.8,,20,,2
C2,,,,,51.621244,-115.608378,1868.0,,,,,,80.0,,,0.8,,20,,2
C2,,,,,51.621244,-115.608378,1872.0,,,,,,59.0,,,0.8,,20,,2
C2,,,,,51.621244,-115.608378,1861.0,,,,,,49.0,,,0.8,,20,,2
C2,,,,,51.621244,-115.608378,2025.0,,,,,,88.0,,,0.8,,20,,2
C3,,,,,51.621244,-115.608378,1998.0,,,,,,163.0,,,1.15,,20,,3
C1,,,,,51.621244,-115.608378,2025.0,,,,,,239.0,,,0.75,,20,,1
C1,,,,,51.621244,-115.608378,2066.0,,,,,,244.0,,,0.75,,20,,1
C1,,,,,51.621244,-115.608378,2125.0,,,,,,247.0,,,0.75,,20,,1
C1,,,,,51.621244,-115.608378,2155.0,,,,,,244.0,,,0.75,,20,,1
O1a,,,,,51.621244,-115.608378,2167.0,,,,,,237.0,,,0.35,60.0,20,,31
C1,,,,,51.621244,-115.608378,2184.0,,,,,,219.0,,,0.75,,20,,1
C1,,,,,51.621244,-115.608378,2192.0,,,,,,206.0,,,0.75,,20,,1
C1,,,,,51.621244,-115.608378,2200.0,,,,,,206.0,,,0.75,,20,,1
C1,,,,,51.621244,-115.608378,2207.0,,,,,,211.0,,,0.75,,20,,1
C1,,,,,51.621244,-115.608378,2221.0,,,,,,220.0,,,0.75,,20,,1
C1,,,,,51.621244,-115.608378,2238.0,,,,,,229.0,,,0.75,,20,,1
O1a,,,,,51.621244,-115.608378,2261.0,,,,,,235.0,,,0.35,60.0,20,,31
O1a,,,,,51.621244,-115.608378,2277.0,,,,,,237.0,,,0.35,60.0,20,,31
O1a,,,,,51.621244,-115.608378,2288.0,,,,,,233.0,,,0.35,60.0,20,,31
O1a,,,,,51.621244,-115.608378,2290.0,,,,,,176.0,,,0.35,60.0,20,,31
O1a,,,,,51.621244,-115.608378,2287.0,,,,,,91.0,,,0.35,60.0,20,,31
O1a,,,,,51.621244,-115.608378,2283.0,,,,,,78.0,,,0.35,60.0,20,,31
O1a,,,,,51.621244,-115.608378,2278.0,,,,,,76.0,,,0.35,60.0,20,,31
O1a,,,,,51.621244,-115.608378,2247.0,,,,,,77.0,,,0.35,60.0,20,,31
O1a,,,,,51.621244,-115.608378,2222.0,,,,,,76.0,,,0.35,60.0,20,,31
C1,,,,,51.621244,-115.608378,2207.0,,,,,,67.0,,,0.75,,20,,1
C1,,,,,51.621244,-115.608378,2188.0,,,,,,59.0,,,0.75,,20,,1
C2,,,,,51.621244,-115.608378,2165.0,,,,,,62.0,,,0.8,,20,,2
C2,,,,,51.621244,-115.608378,2145.0,,,,,,76.0,,,0.8,,20,,2
C2,,,,,51.621244,-115.608378,2114.0,,,,,,87.0,,,0.8,,20,,2
O1a,,,,,51.621244,-115.608378,2058.0,,,,,,86.0,,,0.35,60.0,20,,31
O1a,,,,,51.621244,-115.608378,2001.0,,,,,,72.0,,,0.35,60.0,20,,31
C3,,,,,51.621244,-115.608378,1974.0,,,,,,47.0,,,1.15,,20,,3
C2,,,,,51.621244,-115.608378,1961.0,,,,,,40.0,,,0.8,,20,,2
C3,,,,,51.621244,-115.608378,1950.0,,,,,,44.0,,,1.15,,20,,3
C3,,,,,51.621244,-115.608378,1937.0,,,,,,45.0,,,1.15,,20,,3
C3,,,,,51.621244,-115.608378,1924.0,,,,,,41.0,,,1.15,,20,,3
C3,,,,,51.621244,-115.608378,1906.0,,,,,,32.0,,,1.15,,20,,3
C2,,,,,51.621244,-115.608378,1899.0,,,,,,24.0,,,0.8,,20,,2
C3,,,,,51.621244,-115.608378,1893.0,,,,,,29.0,,,1.15,,20,,3
C2,,,,,51.621244,-115.608378,1885.0,,,,,,31.0,,,0.8,,20,,2
C2,,,,,51.621244,-115.608378,1877.0,,,,,,41.0,,,0.8,,20,,2
C2,,,,,51.621244,-115.608378,1866.0,,,,,,38.0,,,0.8,,20,,2
O1a,,,,,51.621244,-115.608378,2034.0,,,,,,72.0,,,0.35,60.0,20,,31
C3,,,,,51.621244,-115.608378,1995.0,,,,,,101.0,,,1.15,,20,,3
O1a,,,,,51.621244,-115.608378,1997.0,,,,,,234.0,,,0.35,60.0,20,,31
C1,,,,,51.621244,-115.608378,2041.0,,,,,,244.0,,,0.75,,20,,1
C1,,,,,51.621244,-115.608378,2099.0,,,,,,246.0,,,0.75,,20,,1
C1,,,,,51.621244,-115.608378,2147.0,,,,,,244.0,,,0.75,,20,,1
O1a,,,,,51.621244,-115.608378,2161.0,,,,,,230.0,,,0.35,60.0,20,,31
O1a,,,,,51.621244,-115.608378,2167.0,,,,,,208.0,,,0.35,60.0,20,,31
C1,,,,,51.621244,-115.608378,2174.0,,,,,,202.0,,,0.75,,20,,1
C2,,,,,51.621244,-115.608378,2181.0,,,,,,203.0,,,0.8,,20,,2
C2,,,,,51.621244,-115.608378,2188.0,,,,,,212.0,,,0.8,,20,,2
C2,,,,,51.621244,-115.608378,2201.0,,,,,,225.0,,,0.8,,20,,2
C2,,,,,51.621244,-115.608378,2220.0,,,,,,235.0,,,0.8,,20,,2
C2,,,,,51.621244,-115.608378,2247.0,,,,,,239.0,,,0.8,,20,,2
O1a,,,,,51.621244,-115.608378,2268.0,,,,,,238.0,,,0.35,60.0,20,,31
O1a,,,,,51.621244,-115.608378,2282.0,,,,,,235.0,,,0.35,60.0,20,,31
O1a,,,,,51.621244,-115.608378,2289.0,,,,,,225.0,,,0.35,60.0,20,,31
O1a,,,,,51.621244,-115.608378,2288.0,,,,,,98.0,,,0.35,60.0,20,,31
O1a,,,,,51.621244,-115.608378,2283.0,,,,,,88.0,,,0.35,60.0,20,,31
O1a,,,,,51.621244,-115.608378,2277.0,,,,,,83.0,,,0.35,60.0,20,,31
O1a,,,,,51.621244,-115.608378,2257.0,,,,,,73.0,,,0.35,60.0,20,,31
O1a,,,,,51.621244,-115.608378,2229.0,,,,,,67.0,,,0.35,60.0,20,,31
O1a,,,,,51.621244,-115.608378,2209.0,,,,,,66.0,,,0.35,60.0,20,,31
C1,,,,,51.621244,-115.608378,2198.0,,,,,,66.0,,,0.75,,20,,1
C2,,,,,51.621244,-115.608378,2177.0,,,,,,70.0,,,0.8,,20,,2
C2,,,,,51.621244,-115.608378,2148.0,,,,,,79.0,,,0.8,,20,,2
C2,,,,,51.621244,-115.608378,2107.0,,,,,,80.0,,,0.8,,20,,2
O1a,,,,,51.621244,-115.608378,2050.0,,,,,,61.0,,,0.35,60.0,20,,31
O1a,,,,,51.621244,-115.608378,2027.0,,,,,,32.0,,,0.35,60.0,20,,31
O1a,,,,,51.621244,-115.608378,2011.0,,,,,,20.0,,,0.35,60.0,20,,31
O1a,,,,,51.621244,-115.608378,1997.0,,,,,,19.0,,,0.35,60.0,20,,31
C3,,,,,51.621244,-115.608378,1979.0,,,,,,21.0,,,1.15,,20,,3
C3,,,,,51.621244,-115.608378,1963.0,,,,,,20.0,,,1.15,,20,,3
C3,,,,,51.621244,-115.608378,1952.0,,,,,,21.0,,,1.15,,20,,3
C3,,,,,51.621244,-115.608378,1937.0,,,,,,20.0,,,1.15,,20,,3
C3,,,,,51.621244,-115.608378,1928.0,,,,,,20.0,,,1.15,,20,,3
C2,,,,,51.621244,-115.608378,1916.0,,,,,,28.0,,,0.8,,20,,2
C2,,,,,51.621244,-115.608378,1901.0,,,,,,34.0,,,0.8,,20,,2
C2,,,,,51.621244,-115.608378,1889.0,,,,,,42.0,,,0.8,,20,,2
C2,,,,,51.621244,-115.608378,1875.0,,,,,,32.0,,,0.8,,20,,2
O1a,,,,,51.621244,-115.608378,2042.0,,,,,,77.0,,,0.35,60.0,20,,31
C3,,,,,51.621244,-115.608378,1996.0,,,,,,91.0,,,1.15,,20,,3
C3,,,,,51.621244,-115.608378,1984.0,,,,,,224.0,,,1.15,,20,,3
C1,,,,,51.621244,-115.608378,2019.0,,,,,,244.0,,,0.75,,20,,1
C1,,,,,51.621244,-115.608378,2072.0,,,,,,244.0,,,0.75,,20,,1
NF,,,,,51.621244,-115.608378,2128.0,,,,,,242.0,,,,,20,,101
O1a,,,,,51.621244,-115.608378,2154.0,,,,,,232.0,,,0.35,60.0,20,,31
C2,,,,,51.621244,-115.608378,2156.0,,,,,,194.0,,,0.8,,20,,2
C2,,,,,51.621244,-115.608378,2159.0,,,,,,191.0,,,0.8,,20,,2
C2,,,,,51.621244,-115.608378,2166.0,,,,,,207.0,,,0.8,,20,,2
C2,,,,,51.621244,-115.608378,2175.0,,,,,,225.0,,,0.8,,20,,2
O1a,,,,,51.621244,-115.608378,2189.0,,,,,,236.0,,,0.35,60.0,20,,31
C2,,,,,51.621244,-115.608378,2208.0,,,,,,242.0,,,0.8,,20,,2
C2,,,,,51.621244,-115.608378,2233.0,,,,,,241.0,,,0.8,,20,,2
O1a,,,,,51.621244,-115.608378,2256.0,,,,,,236.0,,,0.35,60.0,20,,31
O1a,,,,,51.621244,-115.608378,2273.0,,,,,,232.0,,,0.35,60.0,20,,31
O1a,,,,,51.621244,-115.608378,2284.0,,,,,,229.0,,,0.35,60.0,20,,31
O1a,,,,,51.621244,-115.608378,2288.0,,,,,,188.0,,,0.35,60.0,20,,31
O1a,,,,,51.621244,-115.608378,2284.0,,,,,,91.0,,,0.35,60.0,20,,31
O1a,,,,,51.621244,-115.608378,2276.0,,,,,,81.0,,,0.35,60.0,20,,31
O1a,,,,,51.621244,-115.608378,2263.0,,,,,,67.0,,,0.35,60.0,20,,31
O1a,,,,,51.621244,-115.608378,2245.0,,,,,,57.0,,,0.35,60.0,20,,31
O1a,,,,,51.621244,-115.608378,2219.0,,,,,,57.0,,,0.35,60.0,20,,31
O1a,,,,,51.621244,-115.608378,2202.0,,,,,,63.0,,,0.35,60.0,20,,31
C2,,,,,51.621244,-115.608378,2185.0,,,,,,66.0,,,0.8,,20,,2
C2,,,,,51.621244,-115.608378,2157.0,,,,,,62.0,,,0.8,,20,,2
C2,,,,,51.621244,-115.608378,2118.0,,,,,,49.0,,,0.8,,20,,2
C2,,,,,51.621244,-115.608378,2095.0,,,,,,28.0,,,0.8,,20,,2
C2,,,,,51.621244,-115.608378,2086.0,,,,,,19.0,,,0.8,,20,,2
C2,,,,,51.621244,-115.608378,2067.0,,,,,,20.0,,,0.8,,20,,2
C2,,,,,51.621244,-115.608378,2049.0,,,,,,19.0,,,0.8,,20,,2
O1a,,,,,51.621244,-115.608378,2030.0,,,,,,18.0,,,0.35,60.0,20,,31
O1a,,,,,51.621244,-115.608378,2012.0,,,,,,15.0,,,0.35,60.0,20,,31
O1a,,,,,51.621244,-115.608378,1997.0,,,,,,16.0,,,0.35,60.0,20,,31
O1a,,,,,51.621244,-115.608378,1980.0,,,,,,19.0,,,0.35,60.0,20,,31
O1a,,,,,51.621244,-115.608378,1963.0,,,,,,23.0,,,0.35,60.0,20,,31
C2,,,,,51.621244,-115.608378,1942.0,,,,,,30.0,,,0.8,,20,,2
C2,,,,,51.621244,-115.608378,1923.0,,,,,,35.0,,,0.8,,20,,2
C2,,,,,51.621244,-115.608378,1906.0,,,,,,43.0,,,0.8,,20,,2
C2,,,,,51.621244,-115.608378,1887.0,,,,,,32.0,,,0.8,,20,,2
C3,,,,,51.621244,-115.608378,2046.0,,,,,,86.0,,,1.15,,20,,3
C3,,,,,51.621244,-115.608378,1999.0,,,,,,91.0,,,1.15,,20,,3
C3,,,,,51.621244,-115.608378,1970.0,,,,,,179.0,,,1.15,,20,,3
C1,,,,,51.621244,-115.608378,1998.0,,,,,,240.0,,,0.75,,20,,1
C1,,,,,51.621244,-115.608378,2043.0,,,,,,240.0,,,0.75,,20,,1
C1,,,,,51.621244,-115.608378,2100.0,,,,,,240.0,,,0.75,,20,,1
C1,,,,,51.621244,-115.608378,2144.0,,,,,,231.0,,,0.75,,20,,1
C2,,,,,51.621244,-115.608378,2151.0,,,,,,173.0,,,0.8,,20,,2
C2,,,,,51.621244,-115.608378,2142.0,,,,,,178.0,,,0.8,,20,,2
C2,,,,,51.621244,-115.608378,2141.0,,,,,,223.0,,,0.8,,20,,2
C2,,,,,51.621244,-115.608378,2166.0,,,,,,240.0,,,0.8,,20,,2
C2,,,,,51.621244,-115.608378,2180.0,,,,,,239.0,,,0.8,,20,,2
C2,,,,,51.621244,-115.608378,2198.0,,,,,,242.0,,,0.8,,20,,2
C2,,,,,51.621244,-115.608378,2220.0,,,,,,240.0,,,0.8,,20,,2
C1,,,,,51.621244,-115.608378,2242.0,,,,,,235.0,,,0.75,,20,,1
C1,,,,,51.621244,-115.608378,2260.0,,,,,,230.0,,,0.75,,20,,1
O1a,,,,,51.621244,-115.608378,2275.0,,,,,,230.0,,,0.35,60.0,20,,31
O1a,,,,,51.621244,-115.608378,2285.0,,,,,,225.0,,,0.35,60.0,20,,31
O1a,,,,,51.621244,-115.608378,2284.0,,,,,,100.0,,,0.35,60.0,20,,31
O1a,,,,,51.621244,-115.608378,2277.0,,,,,,80.0,,,0.35,60.0,20,,31
O1a,,,,,51.621244,-115.608378,2268.0,,,,,,71.0,,,0.35,60.0,20,,31
O1a,,,,,51.621244,-115.608378,2259.0,,,,,,58.0,,,0.35,60.0,20,,31
O1a,,,,,51.621244,-115.608378,2241.0,,,,,,59.0,,,0.35,60.0,20,,31
O1a,,,,,51.621244,-115.608378,2210.0,,,,,,62.0,,,0.35,60.0,20,,31
C2,,,,,51.621244,-115.608378,2194.0,,,,,,59.0,,,0.8,,20,,2
C2,,,,,51.621244,-115.608378,2177.0,,,,,,48.0,,,0.8,,20,,2
C2,,,,,51.621244,-115.608378,2159.0,,,,,,36.0,,,0.8,,20,,2
O1a,,,,,51.621244,-115.608378,2141.0,,,,,,29.0,,,0.35,60.0,20,,31
C2,,,,,51.621244,-115.608378,2125.0,,,,,,32.0,,,0.8,,20,,2
O1a,,,,,51.621244,-115.608378,2103.0,,,,,,31.0,,,0.35,60.0,20,,31
C3,,,,,51.621244,-115.608378,2089.0,,,,,,21.0,,,1.15,,20,,3
C3,,,,,51.621244,-115.608378,2078.0,,,,,,16.0,,,1.15,,20,,3
C3,,,,,51.621244,-115.608378,2067.0,,,,,,13.0,,,1.15,,20,,3
C3,,,,,51.621244,-115.608378,2054.0,,,,,,15.0,,,1.15,,20,,3
O1a,,,,,51.621244,-115.608378,2036.0,,,,,,19.0,,,0.35,60.0,20,,31
O1a,,,,,51.621244,-115.608378,2013.0,,,,,,24.0,,,0.35,60.0,20,,31
O1a,,,,,51.621244,-115.608378,1985.0,,,,,,31.0,,,0.35,60.0,20,,31
O1a,,,,,51.621244,-115.608378,1956.0,,,,,,39.0,,,0.35,60.0,20,,31
C2,,,,,51.621244,-115.608378,1928.0,,,,,,49.0,,,0.8,,20,,2
C2,,,,,51.621244,-115.608378,1903.0,,,,,,39.0,,,0.8,,20,,2
C3,,,,,51.621244,-115.608378,2045.0,,,,,,97.0,,,1.15,,20,,3
C3,,,,,51.621244,-115.608378,1999.0,,,,,,94.0,,,1.15,,20,,3
C3,,,,,51.621244,-115.608378,1967.0,,,,,,124.0,,,1.15,,20,,3
O1a,,,,,51.621244,-115.608378,1977.0,,,,,,235.0,,,0.35,60.0,20,,31
C1,,,,,51.621244,-115.608378,2013.0,,,,,,239.0,,,0.75,,20,,1
C1,,,,,51.621244,-115.608378,2065.0,,,,,,237.0,,,0.75,,20,,1
NF,,,,,51.621244,-115.608378,2121.0,,,,,,217.0,,,,,20,,101
NF,,,,,51.621244,-115.608378,2130.0,,,,,,172.0,,,,,20,,101
C2,,,,,51.621244,-115.608378,2105.0,,,,,,193.0,,,0.8,,20,,2
O1a,,,,,51.621244,-115.608378,2137.0,,,,,,245.0,,,0.35,60.0,20,,31
O1a,,,,,51.621244,-115.608378,2161.0,,,,,,256.0,,,0.35,60.0,20,,31
C2,,,,,51.621244,-115.608378,2170.0,,,,,,238.0,,,0.8,,20,,2
C2,,,,,51.621244,-115.608378,2187.0,,,,,,240.0,,,0.8,,20,,2
C2,,,,,51.621244,-115.608378,2208.0,,,,,,240.0,,,0.8,,20,,2
C1,,,,,51.621244,-115.608378,2228.0,,,,,,235.0,,,0.75,,20,,1
C1,,,,,51.621244,-115.608378,2245.0,,,,,,231.0,,,0.75,,20,,1
O1a,,,,,51.621244,-115.608378,2262.0,,,,,,233.0,,,0.35,60.0,20,,31
O1a,,,,,51.621244,-115.608378,2278.0,,,,,,234.0,,,0.35,60.0,20,,31
O1a,,,,,51.621244,-115.608378,2285.0,,,,,,202.0,,,0.35,60.0,20,,31
O1a,,,,,51.621244,-115.608378,2279.0,,,,,,80.0,,,0.35,60.0,20,,31
O1a,,,,,51.621244,-115.608378,2268.0,,,,,,78.0,,,0.35,60.0,20,,31
O1a,,,,,51.621244,-115.608378,2261.0,,,,,,73.0,,,0.35,60.0,20,,31
O1a,,,,,51.621244,-115.608378,2252.0,,,,,,67.0,,,0.35,60.0,20,,31
O1a,,,,,51.621244,-115.608378,2224.0,,,,,,64.0,,,0.35,60.0,20,,31
O1a,,,,,51.621244,-115.608378,2201.0,,,,,,62.0,,,0.35,60.0,20,,31
C2,,,,,51.621244,-115.608378,2190.0,,,,,,57.0,,,0.8,,20,,2
C2,,,,,51.621244,-115.608378,2178.0,,,,,,53.0,,,0.8,,20,,2
C2,,,,,51.621244,-115.608378,2160.0,,,,,,56.0,,,0.8,,20,,2
C2,,,,,51.621244,-115.608378,2140.0,,,,,,57.0,,,0.8,,20,,2
C1,,,,,51.621244,-115.608378,2120.0,,,,,,45.0,,,0.75,,20,,1
C1,,,,,51.621244,-115.608378,2111.0,,,,,,28.0,,,0.75,,20,,1
C3,,,,,51.621244,-115.608378,2106.0,,,,,,16.0,,,1.15,,20,,3
C3,,,,,51.621244,-115.608378,2103.0,,,,,,12.0,,,1.15,,20,,3
C1,,,,,51.621244,-115.608378,2098.0,,,,,,17.0,,,0.75,,20,,1
C3,,,,,51.621244,-115.608378,2086.0,,,,,,23.0,,,1.15,,20,,3
C3,,,,,51.621244,-115.608378,2067.0,,,,,,27.0,,,1.15,,20,,3
O1a,,,,,51.621244,-115.608378,2039.0,,,,,,38.0,,,0.35,60.0,20,,31
O1a,,,,,51.621244,-115.608378,1996.0,,,,,,51.0,,,0.35,60.0,20,,31
C2,,,,,51.621244,-115.608378,1950.0,,,,,,62.0,,,0.8,,20,,2
C2,,,,,51.621244,-115.608378,1915.0,,,,,,54.0,,,0.8,,20,,2
C3,,,,,51.621244,-115.608378,2040.0,,,,,,90.0,,,1.15,,20,,3
C3,,,,,51.621244,-115.608378,1994.0,,,,,,92.0,,,1.15,,20,,3
C3,,,,,51.621244,-115.608378,1964.0,,,,,,109.0,,,1.15,,20,,3
C3,,,,,51.621244,-115.608378,1961.0,,,,,,226.0,,,1.15,,20,,3
C1,,,,,51.621244,-115.608378,1991.0,,,,,,237.0,,,0.75,,20,,1
C1,,,,,51.621244,-115.608378,2034.0,,,,,,227.0,,,0.75,,20,,1
O1a,,,,,51.621244,-115.608378,2072.0,,,,,,201.0,,,0.35,60.0,20,,31
O1a,,,,,51.621244,-115.608378,2072.0,,,,,,178.0,,,0.35,60.0,20,,31
C2,,,,,51.621244,-115.608378,2066.0,,,,,,206.0,,,0.8,,20,,2
C2,,,,,51.621244,-115.608378,2128.0,,,,,,231.0,,,0.8,,20,,2
O1a,,,,,51.621244,-115.608378,2163.0,,,,,,222.0,,,0.35,60.0,20,,31
O1a,,,,,51.621244,-115.608378,2164.0,,,,,,219.0,,,0.35,60.0,20,,31
C2,,,,,51.621244,-115.608378,2175.0,,,,,,237.0,,,0.8,,20,,2
C2,,,,,51.621244,-115.608378,2197.0,,,,,,242.0,,,0.8,,20,,2
C1,,,,,51.621244,-115.608378,2217.0,,,,,,238.0,,,0.75,,20,,1
C1,,,,,51.621244,-115.608378,2231.0,,,,,,236.0,,,0.75,,20,,1
C1,,,,,51.621244,-115.608378,2250.0,,,,,,238.0,,,0.75,,20,,1
O1a,,,,,51.621244,-115.608378,2268.0,,,,,,238.0,,,0.35,60.0,20,,31
O1a,,,,,51.621244,-115.608378,2282.0,,,,,,233.0,,,0.35,60.0,20,,31
O1a,,,,,51.621244,-115.608378,2281.0,,,,,,69.0,,,0.35,60.0,20,,31
O1a,,,,,51.621244,-115.608378,2272.0,,,,,,61.0,,,0.35,60.0,20,,31
O1a,,,,,51.621244,-115.608378,2262.0,,,,,,66.0,,,0.35,60.0,20,,31
O1a,,,,,51.621244,-115.608378,2254.0,,,,,,68.0,,,0.35,60.0,20,,31
O1a,,,,,51.621244,-115.608378,2241.0,,,,,,66.0,,,0.35,60.0,20,,31
O1a,,,,,51.621244,-115.608378,2210.0,,,,,,66.0,,,0.35,60.0,20,,31
C2,,,,,51.621244,-115.608378,2192.0,,,,,,65.0,,,0.8,,20,,2
C2,,,,,51.621244,-115.608378,2183.0,,,,,,67.0,,,0.8,,20,,2
C2,,,,,51.621244,-115.608378,2167.0,,,,,,70.0,,,0.8,,20,,2
C2,,,,,51.621244,-115.608378,2146.0,,,,,,69.0,,,0.8,,20,,2
C1,,,,,51.621244,-115.608378,2133.0,,,,,,64.0,,,0.75,,20,,1
C1,,,,,51.621244,-115.608378,2122.0,,,,,,60.0,,,0.75,,20,,1
C1,,,,,51.621244,-115.608378,2115.0,,,,,,55.0,,,0.75,,20,,1
C1,,,,,51.621244,-115.608378,2114.0,,,,,,50.0,,,0.75,,20,,1
C3,,,,,51.621244,-115.608378,2112.0,,,,,,56.0,,,1.15,,20,,3
C3,,,,,51.621244,-115.608378,2106.0,,,,,,59.0,,,1.15,,20,,3
C3,,,,,51.621244,-115.608378,2095.0,,,,,,55.0,,,1.15,,20,,3
C2,,,,,51.621244,-115.608378,2078.0,,,,,,62.0,,,0.8,,20,,2
C2,,,,,51.621244,-115.608378,2028.0,,,,,,70.0,,,0.8,,20,,2
C2,,,,,51.621244,-115.608378,1966.0,,,,,,75.0,,,0.8,,20,,2
C2,,,,,51.621244,-115.608378,1923.0,,,,,,70.0,,,0.8,,20,,2
C3,,,,,51.621244,-115.608378,2047.0,,,,,,112.0,,,1.15,,20,,3
C3,,,,,51.621244,-115.608378,1993.0,,,,,,98.0,,,1.15,,20,,3
C3,,,,,51.621244,-115.608378,1961.0,,,,,,103.0,,,1.15,,20,,3
C3,,,,,51.621244,-115.608378,1946.0,,,,,,209.0,,,1.15,,20,,3
C1,,,,,51.621244,-115.608378,1973.0,,,,,,234.0,,,0.75,,20,,1
C1,,,,,51.621244,-115.608378,1997.0,,,,,,218.0,,,0.75,,20,,1
C2,,,,,51.621244,-115.608378,2011.0,,,,,,201.0,,,0.8,,20,,2
O1a,,,,,51.621244,-115.608378,2014.0,,,,,,200.0,,,0.35,60.0,20,,31
C2,,,,,51.621244,-115.608378,2027.0,,,,,,232.0,,,0.8,,20,,2
C2,,,,,51.621244,-115.608378,2067.0,,,,,,234.0,,,0.8,,20,,2
NF,,,,,51.621244,-115.608378,2111.0,,,,,,219.0,,,,,20,,101
NF,,,,,51.621244,-115.608378,2142.0,,,,,,219.0,,,,,20,,101
NF,,,,,51.621244,-115.608378,2166.0,,,,,,233.0,,,,,20,,101
O1a,,,,,51.621244,-115.608378,2185.0,,,,,,242.0,,,0.35,60.0,20,,31
C1,,,,,51.621244,-115.608378,2208.0,,,,,,242.0,,,0.75,,20,,1
C1,,,,,51.621244,-115.608378,2222.0,,,,,,240.0,,,0.75,,20,,1
C1,,,,,51.621244,-115.608378,2240.0,,,,,,241.0,,,0.75,,20,,1
C1,,,,,51.621244,-115.608378,2258.0,,,,,,240.0,,,0.75,,20,,1
O1a,,,,,51.621244,-115.608378,2274.0,,,,,,242.0,,,0.35,60.0,20,,31
O1a,,,,,51.621244,-115.608378,2283.0,,,,,,274.0,,,0.35,60.0,20,,31
O1a,,,,,51.621244,-115.608378,2282.0,,,,,,46.0,,,0.35,60.0,20,,31
O1a,,,,,51.621244,-115.608378,2268.0,,,,,,53.0,,,0.35,60.0,20,,31
O1a,,,,,51.621244,-115.608378,2257.0,,,,,,61.0,,,0.35,60.0,20,,31
O1a,,,,,51.621244,-115.608378,2247.0,,,,,,68.0,,,0.35,60.0,20,,31
O1a,,,,,51.621244,-115.608378,2224.0,,,,,,67.0,,,0.35,60.0,20,,31
O1a,,,,,51.621244,-115.608378,2199.0,,,,,,64.0,,,0.35,60.0,20,,31
C2,,,,,51.621244,-115.608378,2188.0,,,,,,65.0,,,0.8,,20,,2
C2,,,,,51.621244,-115.608378,2175.0,,,,,,70.0,,,0.8,,20,,2
C2,,,,,51.621244,-115.608378,2153.0,,,,,,75.0,,,0.8,,20,,2
C2,,,,,51.621244,-115.608378,2134.0,,,,,,85.0,,,0.8,,20,,2
C3,,,,,51.621244,-115.608378,2121.0,,,,,,107.0,,,1.15,,20,,3
C3,,,,,51.621244,-115.608378,2112.0,,,,,,139.0,,,1.15,,20,,3
C3,,,,,51.621244,-115.608378,2107.0,,,,,,162.0,,,1.15,,20,,3
C2,,,,,51.621244,-115.608378,2103.0,,,,,,166.0,,,0.8,,20,,2
O1a,,,,,51.621244,-115.608378,2099.0,,,,,,153.0,,,0.35,60.0,20,,31
O1a,,,,,51.621244,-115.608378,2085.0,,,,,,139.0,,,0.35,60.0,20,,31
C2,,,,,51.621244,-115.608378,2076.0,,,,,,104.0,,,0.8,,20,,2
C2,,,,,51.621244,-115.608378,2035.0,,,,,,91.0,,,0.8,,20,,2
C2,,,,,51.621244,-115.608378,1977.0,,,,,,89.0,,,0.8,,20,,2
C2,,,,,51.621244,-115.608378,1926.0,,,,,,87.0,,,0.8,,20,,2
O1a,,,,,51.621244,-115.608378,2017.0,,,,,,145.0,,,0.35,60.0,20,,31
C3,,,,,51.621244,-115.608378,1984.0,,,,,,119.0,,,1.15,,20,,3
C3,,,,,51.621244,-115.608378,1959.0,,,,,,113.0,,,1.15,,20,,3
C3,,,,,51.621244,-115.608378,1938.0,,,,,,189.0,,,1.15,,20,,3
C2,,,,,51.621244,-115.608378,1957.0,,,,,,240.0,,,0.8,,20,,2
C2,,,,,51.621244,-115.608378,1974.0,,,,,,237.0,,,0.8,,20,,2
C2,,,,,51.621244,-115.608378,1989.0,,,,,,259.0,,,0.8,,20,,2
C2,,,,,51.621244,-115.608378,2013.0,,,,,,294.0,,,0.8,,20,,2
C2,,,,,51.621244,-115.608378,2045.0,,,,,,309.0,,,0.8,,20,,2
NF,,,,,51.621244,-115.608378,2066.0,,,,,,305.0,,,,,20,,101
C2,,,,,51.621244,-115.608378,2087.0,,,,,,276.0,,,0.8,,20,,2
C2,,,,,51.621244,-115.608378,2107.0,,,,,,248.0,,,0.8,,20,,2
C2,,,,,51.621244,-115.608378,2146.0,,,,,,246.0,,,0.8,,20,,2
C2,,,,,51.621244,-115.608378,2174.0,,,,,,247.0,,,0.8,,20,,2
C2,,,,,51.621244,-115.608378,2198.0,,,,,,245.0,,,0.8,,20,,2
C1,,,,,51.621244,-115.608378,2214.0,,,,,,242.0,,,0.75,,20,,1
C1,,,,,51.621244,-115.608378,2230.0,,,,,,243.0,,,0.75,,20,,1
C1,,,,,51.621244,-115.608378,2248.0,,,,,,245.0,,,0.75,,20,,1
O1a,,,,,51.621244,-115.608378,2266.0,,,,,,248.0,,,0.35,60.0,20,,31
O1a,,,,,51.621244,-115.608378,2282.0,,,,,,254.0,,,0.35,60.0,20,,31
O1a,,,,,51.621244,-115.608378,2288.0,,,,,,41.0,,,0.35,60.0,20,,31
O1a,,,,,51.621244,-115.608378,2279.0,,,,,,58.0,,,0.35,60.0,20,,31
O1a,,,,,51.621244,-115.608378,2268.0,,,,,,68.0,,,0.35,60.0,20,,31
O1a,,,,,51.621244,-115.608378,2248.0,,,,,,78.0,,,0.35,60.0,20,,31
O1a,,,,,51.621244,-115.608378,2237.0,,,,,,76.0,,,0.35,60.0,20,,31
O1a,,,,,51.621244,-115.608378,2209.0,,,,,,72.0,,,0.35,60.0,20,,31
C2,,,,,51.621244,-115.608378,2191.0,,,,,,71.0,,,0.8,,20,,2
C2,,,,,51.621244,-115.608378,2181.0,,,,,,81.0,,,0.8,,20,,2
C2,,,,,51.621244,-115.608378,2159.0,,,,,,89.0,,,0.8,,20,,2
C2,,,,,51.621244,-115.608378,2135.0,,,,,,101.0,,,0.8,,20,,2
C3,,,,,51.621244,-115.608378,2115.0,,,,,,117.0,,,1.15,,20,,3
C3,,,,,51.621244,-115.608378,2094.0,,,,,,135.0,,,1.15,,20,,3
C3,,,,,51.621244,-115.608378,2082.0,,,,,,156.0,,,1.15,,20,,3
C2,,,,,51.621244,-115.608378,2078.0,,,,,,167.0,,,0.8,,20,,2
C2,,,,,51.621244,-115.608378,2073.0,,,,,,169.0,,,0.8,,20,,2
C2,,,,,51.621244,-115.608378,2070.0,,,,,,162.0,,,0.8,,20,,2
C2,,,,,51.621244,-115.608378,2065.0,,,,,,116.0,,,0.8,,20,,2
C2,,,,,51.621244,-115.608378,2026.0,,,,,,103.0,,,0.8,,20,,2
C2,,,,,51.621244,-115.608378,1970.0,,,,,,101.0,,,0.8,,20,,2
C2,,,,,51.621244,-115.608378,1924.0,,,,,,109.0,,,0.8,,20,,2
C3,,,,,51.621244,-115.608378,1987.0,,,,,,155.0,,,1.15,,20,,3
C3,,,,,51.621244,-115.608378,1963.0,,,,,,132.0,,,1.15,,20,,3
C3,,,,,51.621244,-115.608378,1946.0,,,,,,126.0,,,1.15,,20,,3
C3,,,,,51.621244,-115.608378,1933.0,,,,,,201.0,,,1.15,,20,,3
C1,,,,,51.621244,-115.608378,1949.0,,,,,,261.0,,,0.75,,20,,1
C2,,,,,51.621244,-115.608378,1969.0,,,,,,276.0,,,0.8,,20,,2
C2,,,,,51.621244,-115.608378,1996.0,,,,,,291.0,,,0.8,,20,,2
C2,,,,,51.621244,-115.608378,2042.0,,,,,,302.0,,,0.8,,20,,2
NF,,,,,51.621244,-115.608378,2085.0,,,,,,316.0,,,,,20,,101
C2,,,,,51.621244,-115.608378,2106.0,,,,,,330.0,,,0.8,,20,,2
C2,,,,,51.621244,-115.608378,2114.0,,,,,,335.0,,,0.8,,20,,2
C3,,,,,51.621244,-115.608378,2117.0,,,,,,315.0,,,1.15,,20,,3
C2,,,,,51.621244,-115.608378,2137.0,,,,,,285.0,,,0.8,,20,,2
C2,,,,,51.621244,-115.608378,2167.0,,,,,,269.0,,,0.8,,20,,2
C2,,,,,51.621244,-115.608378,2189.0,,,,,,259.0,,,0.8,,20,,2
C2,,,,,51.621244,-115.608378,2207.0,,,,,,252.0,,,0.8,,20,,2
C2,,,,,51.621244,-115.608378,2221.0,,,,,,252.0,,,0.8,,20,,2
C1,,,,,51.621244,-115.608378,2241.0,,,,,,254.0,,,0.75,,20,,1
O1a,,,,,51.621244,-115.608378,2260.0,,,,,,254.0,,,0.35,60.0,20,,31
O1a,,,,,51.621244,-115.608378,2277.0,,,,,,248.0,,,0.35,60.0,20,,31
O1a,,,,,51.621244,-115.608378,2286.0,,,,,,211.0,,,0.35,60.0,20,,31
O1a,,,,,51.621244,-115.608378,2283.0,,,,,,97.0,,,0.35,60.0,20,,31
O1a,,,,,51.621244,-115.608378,2272.0,,,,,,90.0,,,0.35,60.0,20,,31
O1a,,,,,51.621244,-115.608378,2248.0,,,,,,93.0,,,0.35,60.0,20,,31
O1a,,,,,51.621244,-115.608378,2234.0,,,,,,92.0,,,0.35,60.0,20,,31
O1a,,,,,51.621244,-115.608378,2217.0,,,,,,83.0,,,0.35,60.0,20,,31
O1a,,,,,51.621244,-115.608378,2195.0,,,,,,81.0,,,0.35,60.0,20,,31
C2,,,,,51.621244,-115.608378,2181.0,,,,,,92.0,,,0.8,,20,,2
C2,,,,,51.621244,-115.608378,2155.0,,,,,,100.0,,,0.8,,20,,2
C2,,,,,51.621244,-115.608378,2125.0,,,,,,106.0,,,0.8,,20,,2
C2,,,,,51.621244,-115.608378,2102.0,,,,,,112.0,,,0.8,,20,,2
C2,,,,,51.621244,-115.608378,2082.0,,,,,,123.0,,,0.8,,20,,2
C3,,,,,51.621244,-115.608378,2068.0,,,,,,143.0,,,1.15,,20,,3
C3,,,,,51.621244,-115.608378,2054.0,,,,,,167.0,,,1.15,,20,,3
C2,,,,,51.621244,-115.608378,2054.0,,,,,,185.0,,,0.8,,20,,2
O1a,,,,,51.621244,-115.608378,2058.0,,,,,,177.0,,,0.35,60.0,20,,31
C2,,,,,51.621244,-115.608378,2055.0,,,,,,132.0,,,0.8,,20,,2
NF,,,,,51.621244,-115.608378,2010.0,,,,,,114.0,,,,,20,,101
C2,,,,,51.621244,-115.608378,1953.0,,,,,,111.0,,,0.8,,20,,2
C2,,,,,51.621244,-115.608378,1912.0,,,,,,123.0,,,0.8,,20,,2
O1a,,,,,51.621244,-115.608378,1961.0,,,,,,158.0,,,0.35,60.0,20,,31
C3,,,,,51.621244,-115.608378,1948.0,,,,,,137.0,,,1.15,,20,,3
C3,,,,,51.621244,-115.608378,1936.0,,,,,,135.0,,,1.15,,20,,3
C1,,,,,51.621244,-115.608378,1926.0,,,,,,261.0,,,0.75,,20,,1
C1,,,,,51.621244,-115.608378,1952.0,,,,,,282.0,,,0.75,,20,,1
C2,,,,,51.621244,-115.608378,1974.0,,,,,,289.0,,,0.8,,20,,2
C2,,,,,51.621244,-115.608378,2014.0,,,,,,290.0,,,0.8,,20,,2
C2,,,,,51.621244,-115.608378,2072.0,,,,,,294.0,,,0.8,,20,,2
C2,,,,,51.621244,-115.608378,2108.0,,,,,,305.0,,,0.8,,20,,2
C2,,,,,51.621244,-115.608378,2124.0,,,,,,319.0,,,0.8,,20,,2
C2,,,,,51.621244,-115.608378,2133.0,,,,,,328.0,,,0.8,,20,,2
C3,,,,,51.621244,-115.608378,2145.0,,,,,,330.0,,,1.15,,20,,3
C2,,,,,51.621244,-115.608378,2154.0,,,,,,316.0,,,0.8,,20,,2
C2,,,,,51.621244,-115.608378,2173.0,,,,,,295.0,,,0.8,,20,,2
C2,,,,,51.621244,-115.608378,2189.0,,,,,,278.0,,,0.8,,20,,2
C2,,,,,51.621244,-115.608378,2204.0,,,,,,266.0,,,0.8,,20,,2
C2,,,,,51.621244,-115.608378,2219.0,,,,,,262.0,,,0.8,,20,,2
C2,,,,,51.621244,-115.608378,2238.0,,,,,,260.0,,,0.8,,20,,2
C1,,,,,51.621244,-115.608378,2256.0,,,,,,255.0,,,0.75,,20,,1
O1a,,,,,51.621244,-115.608378,2272.0,,,,,,244.0,,,0.35,60.0,20,,31
O1a,,,,,51.621244,-115.608378,2280.0,,,,,,207.0,,,0.35,60.0,20,,31
O1a,,,,,51.621244,-115.608378,2279.0,,,,,,133.0,,,0.35,60.0,20,,31
O1a,,,,,51.621244,-115.608378,2268.0,,,,,,107.0,,,0.35,60.0,20,,31
O1a,,,,,51.621244,-115.608378,2247.0,,,,,,99.0,,,0.35,60.0,20,,31
O1a,,,,,51.621244,-115.608378,2231.0,,,,,,93.0,,,0.35,60.0,20,,31
O1a,,,,,51.621244,-115.608378,2217.0,,,,,,85.0,,,0.35,60.0,20,,31
O1a,,,,,51.621244,-115.608378,2198.0,,,,,,84.0,,,0.35,60.0,20,,31
O1a,,,,,51.621244,-115.608378,2179.0,,,,,,93.0,,,0.35,60.0,20,,31
C2,,,,,51.621244,-115.608378,2148.0,,,,,,97.0,,,0.8,,20,,2
C2,,,,,51.621244,-115.608378,2119.0,,,,,,94.0,,,0.8,,20,,2
C2,,,,,51.621244,-115.608378,2098.0,,,,,,90.0,,,0.8,,20,,2
C2,,,,,51.621244,-115.608378,2072.0,,,,,,94.0,,,0.8,,20,,2
C3,,,,,51.621244,-115.608378,2036.0,,,,,,108.0,,,1.15,,20,,3
NF,,,,,51.621244,-115.608378,2013.0,,,,,,145.0,,,,,20,,101
C2,,,,,51.621244,-115.608378,2021.0,,,,,,183.0,,,0.8,,20,,2
C2,,,,,51.621244,-115.608378,2032.0,,,,,,179.0,,,0.8,,20,,2
C2,,,,,51.621244,-115.608378,2020.0,,,,,,147.0,,,0.8,,20,,2
NF,,,,,51.621244,-115.608378,1978.0,,,,,,129.0,,,,,20,,101
C2,,,,,51.621244,-115.608378,1933.0,,,,,,123.0,,,0.8,,20,,2
C2,,,,,51.621244,-115.608378,1901.0,,,,,,136.0,,,0.8,,20,,2
O1a,,,,,51.621244,-115.608378,1945.0,,,,,,160.0,,,0.35,60.0,20,,31
C3,,,,,51.621244,-115.608378,1933.0,,,,,,145.0,,,1.15,,20,,3
C1,,,,,51.621244,-115.608378,1923.0,,,,,,180.0,,,0.75,,20,,1
C1,,,,,51.621244,-115.608378,1933.0,,,,,,279.0,,,0.75,,20,,1
C2,,,,,51.621244,-115.608378,1961.0,,,,,,285.0,,,0.8,,20,,2
C2,,,,,51.621244,-115.608378,1988.0,,,,,,285.0,,,0.8,,20,,2
C2,,,,,51.621244,-115.608378,2033.0,,,,,,283.0,,,0.8,,20,,2
C2,,,,,51.621244,-115.608378,2090.0,,,,,,285.0,,,0.8,,20,,2
C2,,,,,51.621244,-115.608378,2122.0,,,,,,296.0,,,0.8,,20,,2
C2,,,,,51.621244,-115.608378,2132.0,,,,,,310.0,,,0.8,,20,,2
C2,,,,,51.621244,-115.608378,2147.0,,,,,,306.0,,,0.8,,20,,2
C2,,,,,51.621244,-115.608378,2163.0,,,,,,310.0,,,0.8,,20,,2
C2,,,,,51.621244,-115.608378,2172.0,,,,,,306.0,,,0.8,,20,,2
C1,,,,,51.621244,-115.608378,2182.0,,,,,,284.0,,,0.75,,20,,1
C1,,,,,51.621244,-115.608378,2193.0,,,,,,263.0,,,0.75,,20,,1
C1,,,,,51.621244,-115.608378,2203.0,,,,,,255.0,,,0.75,,20,,1
O1a,,,,,51.621244,-115.608378,2218.0,,,,,,254.0,,,0.35,60.0,20,,31
C1,,,,,51.621244,-115.608378,2234.0,,,,,,253.0,,,0.75,,20,,1
O1a,,,,,51.621244,-115.608378,2252.0,,,,,,247.0,,,0.35,60.0,20,,31
O1a,,,,,51.621244,-115.608378,2265.0,,,,,,234.0,,,0.35,60.0,20,,31
O1a,,,,,51.621244,-115.608378,2273.0,,,,,,199.0,,,0.35,60.0,20,,31
O1a,,,,,51.621244,-115.608378,2271.0,,,,,,144.0,,,0.35,60.0,20,,31
O1a,,,,,51.621244,-115.608378,2260.0,,,,,,119.0,,,0.35,60.0,20,,31
O1a,,,,,51.621244,-115.608378,2244.0,,,,,,106.0,,,0.35,60.0,20,,31
O1a,,,,,51.621244,-115.608378,2231.0,,,,,,92.0,,,0.35,60.0,20,,31
O1a,,,,,51.621244,-115.608378,2220.0,,,,,,83.0,,,0.35,60.0,20,,31
C1,,,,,51.621244,-115.608378,2203.0,,,,,,86.0,,,0.75,,20,,1
O1a,,,,,51.621244,-115.608378,2176.0,,,,,,92.0,,,0.35,60.0,20,,31
C2,,,,,51.621244,-115.608378,2144.0,,,,,,90.0,,,0.8,,20,,2
C2,,,,,51.621244,-115.608378,2123.0,,,,,,79.0,,,0.8,,20,,2
C2,,,,,51.621244,-115.608378,2103.0,,,,,,74.0,,,0.8,,20,,2
C2,,,,,51.621244,-115.608378,2081.0,,,,,,74.0,,,0.8,,20,,2
C2,,,,,51.621244,-115.608378,2054.0,,,,,,79.0,,,0.8,,20,,2
C3,,,,,51.621244,-115.608378,2011.0,,,,,,97.0,,,1.15,,20,,3
C3,,,,,51.621244,-115.608378,1974.0,,,,,,151.0,,,1.15,,20,,3
C2,,,,,51.621244,-115.608378,1984.0,,,,,,173.0,,,0.8,,20,,2
C2,,,,,51.621244,-115.608378,1971.0,,,,,,151.0,,,0.8,,20,,2
C2,,,,,51.621244,-115.608378,1936.0,,,,,,134.0,,,0.8,,20,,2
C2,,,,,51.621244,-115.608378,1902.0,,,,,,131.0,,,0.8,,20,,2
C2,,,,,51.621244,-115.608378,1887.0,,,,,,149.0,,,0.8,,20,,2
C3,,,,,51.621244,-115.608378,1927.0,,,,,,166.0,,,1.15,,20,,3
O1a,,,,,51.621244,-115.608378,1918.0,,,,,,165.0,,,0.35,60.0,20,,31
C1,,,,,51.621244,-115.608378,1919.0,,,,,,268.0,,,0.75,,20,,1
C1,,,,,51.621244,-115.608378,1940.0,,,,,,283.0,,,0.75,,20,,1
C2,,,,,51.621244,-115.608378,1964.0,,,,,,280.0,,,0.8,,20,,2
C2,,,,,51.621244,-115.608378,1994.0,,,,,,277.0,,,0.8,,20,,2
C2,,,,,51.621244,-115.608378,2040.0,,,,,,276.0,,,0.8,,20,,2
C2,,,,,51.621244,-115.608378,2096.0,,,,,,276.0,,,0.8,,20,,2
C3,,,,,51.621244,-115.608378,2132.0,,,,,,284.0,,,1.15,,20,,3
C2,,,,,51.621244,-115.608378,2143.0,,,,,,297.0,,,0.8,,20,,2
C2,,,,,51.621244,-115.608378,2153.0,,,,,,276.0,,,0.8,,20,,2
C2,,,,,51.621244,-115.608378,2165.0,,,,,,245.0,,,0.8,,20,,2
C2,,,,,51.621244,-115.608378,2171.0,,,,,,222.0,,,0.8,,20,,2
C1,,,,,51.621244,-115.608378,2178.0,,,,,,219.0,,,0.75,,20,,1
C1,,,,,51.621244,-115.608378,2185.0,,,,,,220.0,,,0.75,,20,,1
C2,,,,,51.621244,-115.608378,2196.0,,,,,,231.0,,,0.8,,20,,2
O1a,,,,,51.621244,-115.608378,2211.0,,,,,,242.0,,,0.35,60.0,20,,31
O1a,,,,,51.621244,-115.608378,2227.0,,,,,,248.0,,,0.35,60.0,20,,31
O1a,,,,,51.621244,-115.608378,2244.0,,,,,,241.0,,,0.35,60.0,20,,31
O1a,,,,,51.621244,-115.608378,2256.0,,,,,,221.0,,,0.35,60.0,20,,31
O1a,,,,,51.621244,-115.608378,2263.0,,,,,,192.0,,,0.35,60.0,20,,31
O1a,,,,,51.621244,-115.608378,2261.0,,,,,,152.0,,,0.35,60.0,20,,31
O1a,,,,,51.621244,-115.608378,2251.0,,,,,,129.0,,,0.35,60.0,20,,31
O1a,,,,,51.621244,-115.608378,2239.0,,,,,,119.0,,,0.35,60.0,20,,31
O1a,,,,,51.621244,-115.608378,2231.0,,,,,,100.0,,,0.35,60.0,20,,31
O1a,,,,,51.621244,-115.608378,2221.0,,,,,,85.0,,,0.35,60.0,20,,31
C1,,,,,51.621244,-115.608378,2204.0,,,,,,87.0,,,0.75,,20,,1
O1a,,,,,51.621244,-115.608378,2173.0,,,,,,91.0,,,0.35,60.0,20,,31
C2,,,,,51.621244,-115.608378,2145.0,,,,,,88.0,,,0.8,,20,,2
C2,,,,,51.621244,-115.608378,2130.0,,,,,,78.0,,,0.8,,20,,2
C2,,,,,51.621244,-115.608378,2110.0,,,,,,80.0,,,0.8,,20,,2
C3,,,,,51.621244,-115.608378,2086.0,,,,,,90.0,,,1.15,,20,,3
C2,,,,,51.621244,-115.608378,2055.0,,,,,,97.0,,,0.8,,20,,2
NF,,,,,51.621244,-115.608378,2013.0,,,,,,100.0,,,,,20,,101
C3,,,,,51.621244,-115.608378,1966.0,,,,,,117.0,,,1.15,,20,,3
C2,,,,,51.621244,-115.608378,1939.0,,,,,,153.0,,,0.8,,20,,2
C2,,,,,51.621244,-115.608378,1934.0,,,,,,152.0,,,0.8,,20,,2
C2,,,,,51.621244,-115.608378,1912.0,,,,,,132.0,,,0.8,,20,,2
C2,,,,,51.621244,-115.608378,1887.0,,,,,,126.0,,,0.8,,20,,2
C2,,,,,51.621244,-115.608378,1872.0,,,,,,150.0,,,0.8,,20,,2
C3,,,,,51.621244,-115.608378,1910.0,,,,,,182.0,,,1.15,,20,,3
O1a,,,,,51.621244,-115.608378,1909.0,,,,,,243.0,,,0.35,60.0,20,,31
C2,,,,,51.621244,-115.608378,1927.0,,,,,,279.0,,,0.8,,20,,2
C3,,,,,51.621244,-115.608378,1947.0,,,,,,280.0,,,1.15,,20,,3
C2,,,,,51.621244,-115.608378,1969.0,,,,,,275.0,,,0.8,,20,,2
C2,,,,,51.621244,-115.608378,1998.0,,,,,,272.0,,,0.8,,20,,2
C2,,,,,51.621244,-115.608378,2045.0,,,,,,270.0,,,0.8,,20,,2
C2,,,,,51.621244,-115.608378,2099.0,,,,,,267.0,,,0.8,,20,,2
C3,,,,,51.621244,-115.608378,2134.0,,,,,,258.0,,,1.15,,20,,3
C2,,,,,51.621244,-115.608378,2146.0,,,,,,231.0,,,0.8,,20,,2
C2,,,,,51.621244,-115.608378,2149.0,,,,,,212.0,,,0.8,,20,,2
C3,,,,,51.621244,-115.608378,2154.0,,,,,,202.0,,,1.15,,20,,3
C2,,,,,51.621244,-115.608378,2157.0,,,,,,200.0,,,0.8,,20,,2
C2,,,,,51.621244,-115.608378,2163.0,,,,,,204.0,,,0.8,,20,,2
C2,,,,,51.621244,-115.608378,2170.0,,,,,,212.0,,,0.8,,20,,2
C1,,,,,51.621244,-115.608378,2181.0,,,,,,230.0,,,0.75,,20,,1
C1,,,,,51.621244,-115.608378,2200.0,,,,,,249.0,,,0.75,,20,,1
O1a,,,,,51.621244,-115.608378,2223.0,,,,,,260.0,,,0.35,60.0,20,,31
O1a,,,,,51.621244,-115.608378,2238.0,,,,,,242.0,,,0.35,60.0,20,,31
O1a,,,,,51.621244,-115.608378,2244.0,,,,,,200.0,,,0.35,60.0,20,,31
C2,,,,,51.621244,-115.608378,2249.0,,,,,,188.0,,,0.8,,20,,2
C2,,,,,51.621244,-115.608378,2249.0,,,,,,163.0,,,0.8,,20,,2
O1a,,,,,51.621244,-115.608378,2241.0,,,,,,147.0,,,0.35,60.0,20,,31
O1a,,,,,51.621244,-115.608378,2232.0,,,,,,148.0,,,0.35,60.0,20,,31
C1,,,,,51.621244,-115.608378,2229.0,,,,,,130.0,,,0.75,,20,,1
O1a,,,,,51.621244,-115.608378,2223.0,,,,,,104.0,,,0.35,60.0,20,,31
C1,,,,,51.621244,-115.608378,2207.0,,,,,,98.0,,,0.75,,20,,1
NF,,,,,51.621244,-115.608378,2172.0,,,,,,97.0,,,,,20,,101
C2,,,,,51.621244,-115.608378,2143.0,,,,,,100.0,,,0.8,,20,,2
C2,,,,,51.621244,-115.608378,2134.0,,,,,,104.0,,,0.8,,20,,2
NF,,,,,51.621244,-115.608378,2112.0,,,,,,109.0,,,,,20,,101
NF,,,,,51.621244,-115.608378,2082.0,,,,,,114.0,,,,,20,,101
NF,,,,,51.621244,-115.608378,2041.0,,,,,,115.0,,,,,20,,101
C3,,,,,51.621244,-115.608378,1996.0,,,,,,113.0,,,1.15,,20,,3
C3,,,,,51.621244,-115.608378,1950.0,,,,,,114.0,,,1.15,,20,,3
C3,,,,,51.621244,-115.608378,1917.0,,,,,,129.0,,,1.15,,20,,3
C2,,,,,51.621244,-115.608378,1905.0,,,,,,142.0,,,0.8,,20,,2
C2,,,,,51.621244,-115.608378,1893.0,,,,,,131.0,,,0.8,,20,,2
C2,,,,,51.621244,-115.608378,1876.0,,,,,,116.0,,,0.8,,20,,2
C2,,,,,51.621244,-115.608378,1861.0,,,,,,91.0,,,0.8,,20,,2
C1,,,,,51.621244,-115.608378,1898.0,,,,,,304.0,,,0.75,,20,,1
C1,,,,,51.621244,-115.608378,1913.0,,,,,,290.0,,,0.75,,20,,1
C2,,,,,51.621244,-115.608378,1929.0,,,,,,278.0,,,0.8,,20,,2
C1,,,,,51.621244,-115.608378,1948.0,,,,,,265.0,,,0.75,,20,,1
C1,,,,,51.621244,-115.608378,1969.0,,,,,,261.0,,,0.75,,20,,1
C2,,,,,51.621244,-115.608378,1997.0,,,,,,261.0,,,0.8,,20,,2
C2,,,,,51.621244,-115.608378,2042.0,,,,,,257.0,,,0.8,,20,,2
C3,,,,,51.621244,-115.608378,2092.0,,,,,,250.0,,,1.15,,20,,3
C2,,,,,51.621244,-115.608378,2121.0,,,,,,234.0,,,0.8,,20,,2
C3,,,,,51.621244,-115.608378,2131.0,,,,,,204.0,,,1.15,,20,,3
C3,,,,,51.621244,-115.608378,2136.0,,,,,,193.0,,,1.15,,20,,3
C2,,,,,51.621244,-115.608378,2139.0,,,,,,193.0,,,0.8,,20,,2
C3,,,,,51.621244,-115.608378,2143.0,,,,,,198.0,,,1.15,,20,,3
C2,,,,,51.621244,-115.608378,2149.0,,,,,,206.0,,,0.8,,20,,2
C2,,,,,51.621244,-115.608378,2156.0,,,,,,221.0,,,0.8,,20,,2
C1,,,,,51.621244,-115.608378,2168.0,,,,,,246.0,,,0.75,,20,,1
C2,,,,,51.621244,-115.608378,2194.0,,,,,,264.0,,,0.8,,20,,2
O1a,,,,,51.621244,-115.608378,2226.0,,,,,,272.0,,,0.35,60.0,20,,31
O1a,,,,,51.621244,-115.608378,2238.0,,,,,,218.0,,,0.35,60.0,20,,31
O1a,,,,,51.621244,-115.608378,2230.0,,,,,,162.0,,,0.35,60.0,20,,31
C2,,,,,51.621244,-115.608378,2231.0,,,,,,180.0,,,0.8,,20,,2
C2,,,,,51.621244,-115.608378,2232.0,,,,,,167.0,,,0.8,,20,,2
C2,,,,,51.621244,-115.608378,2223.0,,,,,,163.0,,,0.8,,20,,2
O1a,,,,,51.621244,-115.608378,2222.0,,,,,,174.0,,,0.35,60.0,20,,31
C1,,,,,51.621244,-115.608378,2224.0,,,,,,158.0,,,0.75,,20,,1
O1a,,,,,51.621244,-115.608378,2216.0,,,,,,144.0,,,0.35,60.0,20,,31
NF,,,,,51.621244,-115.608378,2196.0,,,,,,138.0,,,,,20,,101
NF,,,,,51.621244,-115.608378,2163.0,,,,,,135.0,,,,,20,,101
C3,,,,,51.621244,-115.608378,2139.0,,,,,,142.0,,,1.15,,20,,3
NF,,,,,51.621244,-115.608378,2124.0,,,,,,146.0,,,,,20,,101
C3,,,,,51.621244,-115.608378,2092.0,,,,,,142.0,,,1.15,,20,,3
C3,,,,,51.621244,-115.608378,2052.0,,,,,,140.0,,,1.15,,20,,3
C3,,,,,51.621244,-115.608378,2015.0,,,,,,133.0,,,1.15,,20,,3
C3,,,,,51.621244,-115.608378,1974.0,,,,,,122.0,,,1.15,,20,,3
C3,,,,,51.621244,-115.608378,1933.0,,,,,,114.0,,,1.15,,20,,3
C2,,,,,51.621244,-115.608378,1909.0,,,,,,113.0,,,0.8,,20,,2
C2,,,,,51.621244,-115.608378,1897.0,,,,,,110.0,,,0.8,,20,,2
C2,,,,,51.621244,-115.608378,1880.0,,,,,,86.0,,,0.8,,20,,2
C2,,,,,51.621244,-115.608378,1874.0,,,,,,31.0,,,0.8,,20,,2
C2,,,,,51.621244,-115.608378,1876.0,,,,,,5.0,,,0.8,,20,,2
C2,,,,,51.621244,-115.608378,1914.0,,,,,,340.0,,,0.8,,20,,2
C2,,,,,51.621244,-115.608378,1923.0,,,,,,321.0,,,0.8,,20,,2
C2,,,,,51.621244,-115.608378,1932.0,,,,,,312.0,,,0.8,,20,,2
C2,,,,,51.621244,-115.608378,1942.0,,,,,,281.0,,,0.8,,20,,2
C2,,,,,51.621244,-115.608378,1961.0,,,,,,256.0,,,0.8,,20,,2
C3,,,,,51.621244,-115.608378,1990.0,,,,,,246.0,,,1.15,,20,,3
C3,,,,,51.621244,-115.608378,2024.0,,,,,,237.0,,,1.15,,20,,3
C3,,,,,51.621244,-115.608378,2067.0,,,,,,227.0,,,1.15,,20,,3
C3,,,,,51.621244,-115.608378,2104.0,,,,,,210.0,,,1.15,,20,,3
C3,,,,,51.621244,-115.608378,2114.0,,,,,,195.0,,,1.15,,20,,3
C3,,,,,51.621244,-115.608378,2116.0,,,,,,193.0,,,1.15,,20,,3
C2,,,,,51.621244,-115.608378,2121.0,,,,,,198.0,,,0.8,,20,,2
C2,,,,,51.621244,-115.608378,2126.0,,,,,,207.0,,,0.8,,20,,2
C3,,,,,51.621244,-115.608378,2133.0,,,,,,222.0,,,1.15,,20,,3
O1a,,,,,51.621244,-115.608378,2145.0,,,,,,245.0,,,0.35,60.0,20,,31
C2,,,,,51.621244,-115.608378,2163.0,,,,,,264.0,,,0.8,,20,,2
C2,,,,,51.621244,-115.608378,2194.0,,,,,,271.0,,,0.8,,20,,2
O1a,,,,,51.621244,-115.608378,2230.0,,,,,,271.0,,,0.35,60.0,20,,31
O1a,,,,,51.621244,-115.608378,2238.0,,,,,,127.0,,,0.35,60.0,20,,31
O1a,,,,,51.621244,-115.608378,2217.0,,,,,,135.0,,,0.35,60.0,20,,31
C2,,,,,51.621244,-115.608378,2212.0,,,,,,171.0,,,0.8,,20,,2
C2,,,,,51.621244,-115.608378,2210.0,,,,,,167.0,,,0.8,,20,,2
C2,,,,,51.621244,-115.608378,2202.0,,,,,,167.0,,,0.8,,20,,2
C1,,,,,51.621244,-115.608378,2205.0,,,,,,170.0,,,0.75,,20,,1
C1,,,,,51.621244,-115.608378,2201.0,,,,,,154.0,,,0.75,,20,,1
NF,,,,,51.621244,-115.608378,2172.0,,,,,,149.0,,,,,20,,101
C2,,,,,51.621244,-115.608378,2139.0,,,,,,152.0,,,0.8,,20,,2
O1a,,,,,51.621244,-115.608378,2117.0,,,,,,153.0,,,0.35,60.0,20,,31
C3,,,,,51.621244,-115.608378,2093.0,,,,,,152.0,,,1.15,,20,,3
C3,,,,,51.621244,-115.608378,2058.0,,,,,,151.0,,,1.15,,20,,3
C3,,,,,51.621244,-115.608378,2023.0,,,,,,149.0,,,1.15,,20,,3
C3,,,,,51.621244,-115.608378,1994.0,,,,,,148.0,,,1.15,,20,,3
C2,,,,,51.621244,-115.608378,1972.0,,,,,,144.0,,,0.8,,20,,2
C2,,,,,51.621244,-115.608378,1947.0,,,,,,130.0,,,0.8,,20,,2
C2,,,,,51.621244,-115.608378,1923.0,,,,,,112.0,,,0.8,,20,,2
C2,,,,,51.621244,-115.608378,1905.0,,,,,,80.0,,,0.8,,20,,2
C2,,,,,51.621244,-115.608378,1893.0,,,,,,31.0,,,0.8,,20,,2
C2,,,,,51.621244,-115.608378,1893.0,,,,,,11.0,,,0.8,,20,,2
C2,,,,,51.621244,-115.608378,1893.0,,,,,,5.0,,,0.8,,20,,2
C2,,,,,51.621244,-115.608378,1893.0,,,,,,1.0,,,0.8,,20,,2
C2,,,,,51.621244,-115.608378,1930.0,,,,,,327.0,,,0.8,,20,,2
C2,,,,,51.621244,-115.608378,1941.0,,,,,,311.0,,,0.8,,20,,2
C2,,,,,51.621244,-115.608378,1951.0,,,,,,320.0,,,0.8,,20,,2
C2,,,,,51.621244,-115.608378,1953.0,,,,,,307.0,,,0.8,,20,,2
C3,,,,,51.621244,-115.608378,1958.0,,,,,,264.0,,,1.15,,20,,3
C1,,,,,51.621244,-115.608378,1974.0,,,,,,249.0,,,0.75,,20,,1
C3,,,,,51.621244,-115.608378,1995.0,,,,,,241.0,,,1.15,,20,,3
C1,,,,,51.621244,-115.608378,2022.0,,,,,,231.0,,,0.75,,20,,1
C1,,,,,51.621244,-115.608378,2043.0,,,,,,217.0,,,0.75,,20,,1
NF,,,,,51.621244,-115.608378,2063.0,,,,,,211.0,,,,,20,,101
NF,,,,,51.621244,-115.608378,2080.0,,,,,,213.0,,,,,20,,101
NF,,,,,51.621244,-115.608378,2094.0,,,,,,225.0,,,,,20,,101
O1a,,,,,51.621244,-115.608378,2112.0,,,,,,241.0,,,0.35,60.0,20,,31
O1a,,,,,51.621244,-115.608378,2127.0,,,,,,255.0,,,0.35,60.0,20,,31
O1a,,,,,51.621244,-115.608378,2142.0,,,,,,265.0,,,0.35,60.0,20,,31
C1,,,,,51.621244,-115.608378,2164.0,,,,,,270.0,,,0.75,,20,,1
C1,,,,,51.621244,-115.608378,2198.0,,,,,,271.0,,,0.75,,20,,1
O1a,,,,,51.621244,-115.608378,2230.0,,,,,,268.0,,,0.35,60.0,20,,31
O1a,,,,,51.621244,-115.608378,2231.0,,,,,,106.0,,,0.35,60.0,20,,31
O1a,,,,,51.621244,-115.608378,2203.0,,,,,,111.0,,,0.35,60.0,20,,31
C2,,,,,51.621244,-115.608378,2193.0,,,,,,151.0,,,0.8,,20,,2
O1a,,,,,51.621244,-115.608378,2193.0,,,,,,155.0,,,0.35,60.0,20,,31
O1a,,,,,51.621244,-115.608378,2186.0,,,,,,149.0,,,0.35,60.0,20,,31
O1a,,,,,51.621244,-115.608378,2180.0,,,,,,139.0,,,0.35,60.0,20,,31
O1a,,,,,51.621244,-115.608378,2155.0,,,,,,127.0,,,0.35,60.0,20,,31
C2,,,,,51.621244,-115.608378,2118.0,,,,,,128.0,,,0.8,,20,,2
C2,,,,,51.621244,-115.608378,2089.0,,,,,,134.0,,,0.8,,20,,2
O1a,,,,,51.621244,-115.608378,2066.0,,,,,,136.0,,,0.35,60.0,20,,31
C2,,,,,51.621244,-115.608378,2039.0,,,,,,132.0,,,0.8,,20,,2
C3,,,,,51.621244,-115.608378,2010.0,,,,,,129.0,,,1.15,,20,,3
C2,,,,,51.621244,-115.608378,1985.0,,,,,,126.0,,,0.8,,20,,2
C2,,,,,51.621244,-115.608378,1960.0,,,,,,127.0,,,0.8,,20,,2
C2,,,,,51.621244,-115.608378,1943.0,,,,,,128.0,,,0.8,,20,,2
C2,,,,,51.621244,-115.608378,1931.0,,,,,,118.0,,,0.8,,20,,2
C2,,,,,51.621244,-115.608378,1918.0,,,,,,100.0,,,0.8,,20,,2
C2,,,,,51.621244,-115.608378,1915.0,,,,,,40.0,,,0.8,,20,,2
C2,,,,,51.621244,-115.608378,1917.0,,,,,,4.0,,,0.8,,20,,2
C2,,,,,51.621244,-115.608378,1917.0,,,,,,7.0,,,0.8,,20,,2
C2,,,,,51.621244,-115.608378,1913.0,,,,,,21.0,,,0.8,,20,,2
C2,,,,,51.621244,-115.608378,1907.0,,,,,,16.0,,,0.8,,20,,2
